scene_id,mode,gt_object_id,gt_centroid_cam_x,gt_centroid_cam_y,gt_centroid_cam_z,gt_max_dim_m,matched,pred_node_name,placement_err_m,size_err_pct
scene_01058_400641_pano,panoramic,0,1.0646,0.7367,3.2105,0.7196,0,,0.0000,0.0000
scene_01058_400641_pano,panoramic,2,4.3122,-1.4811,3.4345,0.1507,0,,0.0000,0.0000
scene_01058_400641_pano,panoramic,3,4.3122,-1.1311,3.4345,0.1507,0,,0.0000,0.0000
scene_01058_400641_pano,panoramic,4,3.9170,-1.0630,3.7938,0.1507,0,,0.0000,0.0000
scene_01058_400641_pano,panoramic,5,4.3122,-1.0630,2.2222,0.1507,0,,0.0000,0.0000
scene_01058_400641_pano,panoramic,6,4.3122,-1.0630,2.1341,0.1507,0,,0.0000,0.0000
scene_01058_400641_pano,panoramic,7,4.5122,-0.0993,2.9334,0.1507,0,,0.0000,0.0000
scene_01058_400641_pano,panoramic,8,3.2289,-1.0630,3.7918,0.1507,0,,0.0000,0.0000
scene_01058_400641_pano,panoramic,9,4.3122,-1.0630,1.3222,0.1507,0,,0.0000,0.0000
scene_01058_400641_pano,panoramic,10,4.3122,-1.0630,1.2341,0.1507,0,,0.0000,0.0000
scene_01058_400641_pano,panoramic,11,4.3122,-1.0630,0.7841,0.1507,0,,0.0000,0.0000
scene_01058_400641_pano,panoramic,12,4.3122,-1.0630,2.6722,0.1507,0,,0.0000,0.0000
scene_01058_400641_pano,panoramic,13,4.5122,-0.0193,3.3834,0.1507,0,,0.0000,0.0000
scene_01058_400641_pano,panoramic,14,4.5122,-0.0193,3.4716,0.1507,0,,0.0000,0.0000
scene_01058_400641_pano,panoramic,15,4.5122,-0.0993,3.9216,0.1507,0,,0.0000,0.0000
scene_01058_400641_pano,panoramic,21,-0.3808,-0.0413,3.1618,0.8000,0,,0.0000,0.0000
scene_01058_400641_pano,panoramic,33,3.6385,-0.8219,4.2747,0.2359,0,,0.0000,0.0000
scene_01058_400641_pano,panoramic,34,2.8948,-0.6467,1.0138,2.2189,1,w1_proxy_60,1.6841,39.7552
scene_01058_400641_pano,panoramic,35,-0.9579,-0.9714,1.3927,1.5695,1,w0_proxy_15,0.3266,60.7554
scene_01058_400641_pano,panoramic,38,4.7357,-0.8111,2.6392,0.2494,0,,0.0000,0.0000
scene_01058_400641_pano,panoramic,40,4.5681,-0.8048,3.1881,0.4543,0,,0.0000,0.0000
scene_01058_400641_pano,panoramic,41,4.6498,-0.7272,3.6534,0.3286,0,,0.0000,0.0000
scene_01058_400641_pano,panoramic,43,3.8417,-0.0649,4.3645,0.7986,0,,0.0000,0.0000
scene_01058_400641_pano,panoramic,45,-0.1027,-0.8088,5.0480,1.8946,0,,0.0000,0.0000
scene_01058_400641_pano,panoramic,46,0.9817,-0.7130,-1.0078,0.3895,1,w2_proxy_143,0.3317,42.8285
scene_01058_400641_pano,panoramic,47,-0.2795,-1.4014,-1.2511,0.3588,1,w3_proxy_199,1.0956,76.2280
scene_01058_400641_pano,panoramic,48,3.7130,0.1061,0.2500,0.8493,0,,0.0000,0.0000
scene_01058_400641_pano,panoramic,60,3.8708,0.1389,0.4459,0.6865,0,,0.0000,0.0000
scene_01058_400641_pano,panoramic,62,4.2679,-0.7852,4.1254,0.4086,0,,0.0000,0.0000
scene_01058_400641_pano,panoramic,63,2.6105,-1.2816,3.0916,0.9492,0,,0.0000,0.0000
scene_01058_400641_pano,panoramic,64,2.6113,-1.2816,3.5399,0.9492,0,,0.0000,0.0000
scene_01058_400641_pano,panoramic,65,4.6984,-0.7757,1.2589,0.2828,0,,0.0000,0.0000
scene_01058_400641_pano,panoramic,67,-0.1536,0.0784,2.4848,0.3244,1,w1_proxy_136,1.8305,1024.6552
scene_01058_400641_pano,panoramic,71,2.5552,-1.5075,3.9872,0.3100,0,,0.0000,0.0000
scene_01058_400641_pano,panoramic,74,0.9540,-0.3029,-1.0895,0.3387,1,w3_proxy_164,0.9649,226.3927
scene_01058_400641_pano,panoramic,78,-1.8850,-0.1173,0.2165,1.6200,1,w1_proxy_21,1.0321,411.3686
scene_01058_400641_pano,panoramic,82,-0.1596,0.4460,4.0486,0.6348,0,,0.0000,0.0000
scene_01058_400641_pano,panoramic,85,1.0575,-0.6725,-0.9814,0.3457,1,w3_proxy_175,0.8025,89.5158
scene_01058_400641_pano,panoramic,90,0.0110,-1.2955,-1.0121,1.4000,1,w3_proxy_181,0.8701,70.7465
scene_01058_400641_pano,panoramic,129,3.5730,-1.2536,4.0645,0.6163,0,,0.0000,0.0000
scene_01058_400641_pano,panoramic,131,-1.2620,-0.7561,-1.3197,2.0000,1,w0_proxy_9,0.4337,73.2869
scene_01058_400641_pano,panoramic,132,-0.1300,0.1023,4.0630,0.4039,0,,0.0000,0.0000
scene_01058_400641_pano,panoramic,134,2.3983,-0.0487,0.9729,0.7000,1,w1_proxy_22,1.2846,571.9760
scene_01058_400641_pano,panoramic,135,0.2953,0.0925,-1.1821,0.7000,1,w3_proxy_185,1.0222,976.7934
scene_01058_400641_pano,panoramic,136,2.6242,-0.5131,1.8160,0.2640,1,w2_proxy_149,1.2189,1450.6424
scene_01058_400641_pano,panoramic,139,4.6455,0.0463,3.4254,0.8909,0,,0.0000,0.0000
scene_01058_400641_pano,panoramic,140,-0.1850,0.0618,2.0820,0.2993,1,w1_proxy_93,1.4381,764.7574
scene_01058_400641_pano,panoramic,144,4.5537,-0.8040,0.7362,0.2673,0,,0.0000,0.0000
scene_01058_400641_pano,panoramic,149,3.5967,-0.7096,-0.9874,0.3031,1,w2_proxy_150,1.9229,177.2531
scene_01058_400641_pano,panoramic,152,4.6230,-0.9104,3.4345,0.7685,0,,0.0000,0.0000
scene_01058_400641_pano,panoramic,155,-0.5808,-1.7536,-0.6474,2.5146,1,w3_proxy_184,0.9408,65.5009
scene_01058_400641_pano,panoramic,158,1.2063,-0.6327,1.6985,2.4042,1,w1_proxy_48,1.1534,26.3809
scene_01058_400641_pano,panoramic,161,2.7717,-0.7002,-1.0148,0.2837,1,w2_proxy_147,1.4131,25.4815
scene_01058_400641_pano,panoramic,166,1.3982,-0.2750,-1.0629,0.2703,1,w3_proxy_194,0.9851,274.4589
scene_01058_400641_pano,panoramic,174,5.7250,-0.2561,1.6985,1.2000,0,,0.0000,0.0000
scene_01058_400641_pano,panoramic,176,-0.4904,-1.7318,-0.9282,0.2290,1,w3_proxy_205,1.0545,55.3366
scene_01058_400641_pano,panoramic,177,-0.2355,-1.7318,-0.8774,0.2290,1,w3_proxy_202,1.0001,65.0382
scene_01058_400641_pano,panoramic,179,-0.1182,0.0523,3.8325,0.2808,0,,0.0000,0.0000
scene_01058_400641_pano,panoramic,180,5.0130,-0.2061,1.0060,1.2000,0,,0.0000,0.0000
scene_01058_400641_pano,panoramic,181,5.0130,-0.5181,-0.4505,2.4000,0,,0.0000,0.0000
scene_01058_400641_pano,panoramic,184,2.6137,-1.1462,4.0184,0.3996,0,,0.0000,0.0000
scene_01058_400641_pano,panoramic,185,2.6518,-0.6854,4.0194,0.3996,0,,0.0000,0.0000
scene_01058_400641_pano,panoramic,186,4.8709,0.0326,1.0285,1.2000,0,,0.0000,0.0000
scene_01058_400641_pano,panoramic,198,3.9877,-0.7658,4.2517,0.2906,0,,0.0000,0.0000
scene_01058_400641_pano,panoramic,199,-0.3047,-0.5913,-1.1915,1.2000,1,w3_proxy_160,0.9377,238.7179
scene_01058_400641_pano,panoramic,200,2.8077,-0.5214,4.3411,0.5100,0,,0.0000,0.0000
scene_01058_400641_pano,panoramic,201,4.1470,0.0656,-0.9995,0.7593,0,,0.0000,0.0000
scene_01058_400641_pano,panoramic,203,-0.1828,0.4665,2.2559,0.5168,1,w1_proxy_138,1.6199,767.2234
scene_01058_400641_pano,panoramic,206,4.2460,-0.6229,-1.0435,0.5526,0,,0.0000,0.0000
scene_01058_400641_pano,panoramic,208,0.3942,-1.0522,5.6807,1.4079,0,,0.0000,0.0000
scene_01058_400641_pano,panoramic,218,2.8157,0.2344,3.5823,0.8189,0,,0.0000,0.0000
scene_01058_400641_pano,panoramic,242,4.5320,-1.3261,-0.8699,0.8600,0,,0.0000,0.0000
scene_01058_400641_pano,panoramic,244,0.7647,-1.0281,3.1232,1.6000,0,,0.0000,0.0000
scene_01058_400641_pano,panoramic,252,2.4680,-0.7561,-0.1228,2.0000,1,w3_proxy_200,1.3645,49.1399
scene_01058_400641_pano,panoramic,253,1.1199,1.0397,0.3195,0.2177,1,w1_proxy_26,0.6910,5134.2604
scene_01058_400641_pano,panoramic,254,-0.5671,1.0397,0.3195,0.2177,1,w1_proxy_20,0.9795,8148.5641
scene_01058_400641_pano,panoramic,256,4.7071,-0.7015,-1.1234,0.3124,0,,0.0000,0.0000
scene_01058_400641_pano,panoramic,257,4.6230,-0.9875,1.2781,0.7773,0,,0.0000,0.0000
scene_01058_400641_pano,panoramic,258,0.4323,-1.1032,-1.0674,0.4509,1,w3_proxy_192,0.9538,76.6896
scene_01058_400641_pano,panoramic,259,4.0616,-1.2251,-0.8123,0.4860,0,,0.0000,0.0000
scene_01058_400641_pano,panoramic,260,-0.2044,-0.7289,2.1037,0.3484,1,w1_proxy_91,1.4346,49.2746
scene_01058_400641_pano,panoramic,265,5.4001,-0.3389,2.2690,1.5168,0,,0.0000,0.0000
scene_01058_400641_pano,panoramic,266,3.1842,-0.7714,4.1761,0.2795,0,,0.0000,0.0000
scene_01058_400641_pano,panoramic,317,1.1524,-1.3145,3.5462,0.8833,0,,0.0000,0.0000
scene_01058_400641_pano,panoramic,318,1.1444,-1.3145,2.7051,0.8833,0,,0.0000,0.0000
scene_01058_400641_pano,panoramic,319,0.7632,-1.3145,2.1980,0.8833,1,w1_proxy_109,1.6102,58.3556
scene_01058_400641_pano,panoramic,320,0.3770,-1.3145,3.5593,0.8833,0,,0.0000,0.0000
scene_01058_400641_pano,panoramic,321,0.3565,-1.3145,2.7024,0.8833,0,,0.0000,0.0000
scene_01058_400641_pano,panoramic,322,0.7554,-1.3145,4.0532,0.8833,0,,0.0000,0.0000
scene_01058_400641_pano,panoramic,323,-0.9194,0.0529,1.5685,1.5000,1,w0_proxy_7,0.8543,119.6334
scene_01058_400641_pano,panoramic,326,-0.1618,-1.2552,5.7824,1.0020,0,,0.0000,0.0000
scene_01058_391880_pano,panoramic,2,-3.7187,-1.4811,-0.1345,0.1507,0,,0.0000,0.0000
scene_01058_391880_pano,panoramic,3,-3.7187,-1.1311,-0.1345,0.1507,0,,0.0000,0.0000
scene_01058_391880_pano,panoramic,4,-4.1138,-1.0630,0.2248,0.1507,0,,0.0000,0.0000
scene_01058_391880_pano,panoramic,5,-3.7187,-1.0630,-1.3468,0.1507,0,,0.0000,0.0000
scene_01058_391880_pano,panoramic,6,-3.7187,-1.0630,-1.4349,0.1507,0,,0.0000,0.0000
scene_01058_391880_pano,panoramic,7,-3.5187,-0.0993,-0.6355,0.1507,0,,0.0000,0.0000
scene_01058_391880_pano,panoramic,8,-4.8020,-1.0630,0.2228,0.1507,0,,0.0000,0.0000
scene_01058_391880_pano,panoramic,9,-3.7187,-1.0630,-2.2468,0.1507,0,,0.0000,0.0000
scene_01058_391880_pano,panoramic,10,-3.7187,-1.0630,-2.3349,0.1507,0,,0.0000,0.0000
scene_01058_391880_pano,panoramic,11,-3.7187,-1.0630,-2.7849,0.1507,0,,0.0000,0.0000
scene_01058_391880_pano,panoramic,12,-3.7187,-1.0630,-0.8968,0.1507,0,,0.0000,0.0000
scene_01058_391880_pano,panoramic,13,-3.5187,-0.0193,-0.1856,0.1507,0,,0.0000,0.0000
scene_01058_391880_pano,panoramic,14,-3.5187,-0.0193,-0.0974,0.1507,0,,0.0000,0.0000
scene_01058_391880_pano,panoramic,15,-3.5187,-0.0993,0.3526,0.1507,0,,0.0000,0.0000
scene_01058_391880_pano,panoramic,20,-2.8362,0.8511,4.2298,0.6766,0,,0.0000,0.0000
scene_01058_391880_pano,panoramic,22,0.3853,0.9722,-0.3861,0.5005,1,w3_proxy_68,1.0764,538.2488
scene_01058_391880_pano,panoramic,33,-4.3924,-0.8219,0.7057,0.2359,0,,0.0000,0.0000
scene_01058_391880_pano,panoramic,34,-5.1360,-0.6467,-2.5552,2.2189,0,,0.0000,0.0000
scene_01058_391880_pano,panoramic,36,-1.8187,-1.7203,-0.4037,0.2590,1,w0_proxy_30,1.8196,63.6386
scene_01058_391880_pano,panoramic,38,-3.2951,-0.8111,-0.9297,0.2494,0,,0.0000,0.0000
scene_01058_391880_pano,panoramic,39,-2.6046,-1.5665,-0.1124,0.3793,0,,0.0000,0.0000
scene_01058_391880_pano,panoramic,40,-3.4628,-0.8048,-0.3809,0.4543,0,,0.0000,0.0000
scene_01058_391880_pano,panoramic,41,-3.3811,-0.7272,0.0844,0.3286,0,,0.0000,0.0000
scene_01058_391880_pano,panoramic,43,-4.1891,-0.0649,0.7955,0.7986,0,,0.0000,0.0000
scene_01058_391880_pano,panoramic,48,-4.3179,0.1061,-3.3190,0.8493,0,,0.0000,0.0000
scene_01058_391880_pano,panoramic,49,-2.5699,-1.2814,4.3387,2.2300,0,,0.0000,0.0000
scene_01058_391880_pano,panoramic,50,-0.1199,-1.3848,-1.1555,2.0000,1,w2_proxy_52,1.5392,47.6711
scene_01058_391880_pano,panoramic,51,-2.5837,-0.6561,0.4085,1.8000,0,,0.0000,0.0000
scene_01058_391880_pano,panoramic,52,1.6641,-0.6561,2.7625,1.8000,0,,0.0000,0.0000
scene_01058_391880_pano,panoramic,58,0.9386,-0.1242,0.6654,0.3950,1,w1_proxy_33,0.8391,238.8950
scene_01058_391880_pano,panoramic,60,-4.1601,0.1389,-3.1231,0.6865,0,,0.0000,0.0000
scene_01058_391880_pano,panoramic,61,-3.3734,-0.6752,0.5176,0.4810,0,,0.0000,0.0000
scene_01058_391880_pano,panoramic,62,-3.7630,-0.7852,0.5564,0.4086,0,,0.0000,0.0000
scene_01058_391880_pano,panoramic,63,-5.4204,-1.2816,-0.4774,0.9492,0,,0.0000,0.0000
scene_01058_391880_pano,panoramic,64,-5.4196,-1.2816,-0.0290,0.9492,0,,0.0000,0.0000
scene_01058_391880_pano,panoramic,65,-3.3324,-0.7757,-2.3101,0.2828,0,,0.0000,0.0000
scene_01058_391880_pano,panoramic,66,0.1723,-1.5591,3.4515,0.2680,0,,0.0000,0.0000
scene_01058_391880_pano,panoramic,68,-2.0038,0.6389,-1.4360,0.6000,0,,0.0000,0.0000
scene_01058_391880_pano,panoramic,69,1.3094,0.6389,2.2844,0.5894,0,,0.0000,0.0000
scene_01058_391880_pano,panoramic,70,-4.6272,0.1623,2.4056,0.5000,0,,0.0000,0.0000
scene_01058_391880_pano,panoramic,71,-5.4756,-1.5075,0.4182,0.3100,0,,0.0000,0.0000
scene_01058_391880_pano,panoramic,72,-4.5493,0.0223,3.5572,0.3600,0,,0.0000,0.0000
scene_01058_391880_pano,panoramic,73,-0.2546,-1.0772,-1.4918,0.5100,1,w3_proxy_86,1.7269,62.8420
scene_01058_391880_pano,panoramic,77,-1.2149,-0.1857,3.3771,1.6200,0,,0.0000,0.0000
scene_01058_391880_pano,panoramic,83,1.3986,0.7217,0.7101,0.8934,1,w2_proxy_45,1.5109,97.6210
scene_01058_391880_pano,panoramic,86,0.1682,-0.4359,3.4249,0.6030,0,,0.0000,0.0000
scene_01058_391880_pano,panoramic,87,-0.2230,-1.7254,-0.3316,0.4213,1,w1_proxy_36,1.2299,142.5634
scene_01058_391880_pano,panoramic,88,0.3573,-1.0786,0.6092,1.3551,1,w3_proxy_78,0.5541,86.9953
scene_01058_391880_pano,panoramic,129,-4.4579,-1.2536,0.4955,0.6163,0,,0.0000,0.0000
scene_01058_391880_pano,panoramic,130,-1.2028,-0.5680,5.4543,1.0719,0,,0.0000,0.0000
scene_01058_391880_pano,panoramic,133,1.1944,-0.3402,0.6057,0.5916,1,w2_proxy_59,0.9041,24.0357
scene_01058_391880_pano,panoramic,136,-5.4067,-0.5131,-1.7530,0.2640,0,,0.0000,0.0000
scene_01058_391880_pano,panoramic,137,-0.8753,-0.9092,-0.3778,0.4100,1,w0_proxy_14,0.6623,77.5622
scene_01058_391880_pano,panoramic,138,1.1986,-1.3345,1.1101,0.2846,1,w2_proxy_63,0.8575,52.4255
scene_01058_391880_pano,panoramic,139,-3.3854,0.0463,-0.1436,0.8909,0,,0.0000,0.0000
scene_01058_391880_pano,panoramic,141,1.5526,-1.4192,1.3948,0.7126,1,w2_proxy_50,1.0500,77.9937
scene_01058_391880_pano,panoramic,142,1.8562,-1.5236,5.4283,0.4650,0,,0.0000,0.0000
scene_01058_391880_pano,panoramic,144,-3.4772,-0.8040,-2.8328,0.2673,0,,0.0000,0.0000
scene_01058_391880_pano,panoramic,145,0.3218,-0.0361,-1.6055,1.1000,1,w2_proxy_62,1.0958,64.7315
scene_01058_391880_pano,panoramic,146,-0.0274,-0.0213,1.5090,0.9000,1,w1_proxy_32,1.8106,285.0674
scene_01058_391880_pano,panoramic,147,2.1791,-0.5561,-0.1705,2.4000,1,w2_proxy_48,0.9246,1.6327
scene_01058_391880_pano,panoramic,150,-3.7471,-0.1290,1.0462,1.6960,0,,0.0000,0.0000
scene_01058_391880_pano,panoramic,151,0.5075,-1.2389,-1.4720,0.6400,1,w2_proxy_46,1.1318,18.3897
scene_01058_391880_pano,panoramic,152,-3.4079,-0.9104,-0.1345,0.7685,0,,0.0000,0.0000
scene_01058_391880_pano,panoramic,154,1.0060,-1.3350,4.7319,2.1161,0,,0.0000,0.0000
scene_01058_391880_pano,panoramic,159,1.1415,-0.8689,0.5689,0.4309,1,w2_proxy_64,0.7308,44.6013
scene_01058_391880_pano,panoramic,162,-2.1329,-0.7311,-0.8266,2.0500,1,w3_proxy_76,1.1748,35.9679
scene_01058_391880_pano,panoramic,163,-2.0038,0.6354,0.0567,0.6018,0,,0.0000,0.0000
scene_01058_391880_pano,panoramic,164,-2.5459,-1.3571,-0.4074,0.7981,0,,0.0000,0.0000
scene_01058_391880_pano,panoramic,165,-4.7419,-1.3746,3.4317,0.5987,0,,0.0000,0.0000
scene_01058_391880_pano,panoramic,171,-0.8296,-1.0933,-0.2737,0.2380,1,w0_proxy_18,0.6690,67.2049
scene_01058_391880_pano,panoramic,172,0.5336,-1.7469,-0.5348,1.0920,1,w2_proxy_57,1.2672,2.2963
scene_01058_391880_pano,panoramic,173,0.0287,-1.7469,5.3337,1.8161,0,,0.0000,0.0000
scene_01058_391880_pano,panoramic,174,-2.3059,-0.2561,-1.8705,1.2000,0,,0.0000,0.0000
scene_01058_391880_pano,panoramic,175,2.1791,-0.2561,1.9945,1.2000,1,w2_proxy_42,1.5934,109.4083
scene_01058_391880_pano,panoramic,178,1.7057,0.2123,0.6403,0.2808,1,w2_proxy_40,1.2699,157.7015
scene_01058_391880_pano,panoramic,180,-3.0179,-0.2061,-2.5630,1.2000,0,,0.0000,0.0000
scene_01058_391880_pano,panoramic,181,-3.0179,-0.5181,-4.0195,2.4000,0,,0.0000,0.0000
scene_01058_391880_pano,panoramic,182,-0.9199,-1.2809,-0.8534,0.5500,1,w0_proxy_20,0.9290,57.4910
scene_01058_391880_pano,panoramic,183,-0.9199,-1.2870,-1.4034,0.5500,1,w0_proxy_17,1.1453,47.5042
scene_01058_391880_pano,panoramic,184,-5.4172,-1.1462,0.4494,0.3996,0,,0.0000,0.0000
scene_01058_391880_pano,panoramic,185,-5.3791,-0.6854,0.4504,0.3996,0,,0.0000,0.0000
scene_01058_391880_pano,panoramic,186,-3.1600,0.0326,-2.5405,1.2000,0,,0.0000,0.0000
scene_01058_391880_pano,panoramic,188,1.1932,-1.2475,-0.0262,1.0172,1,w2_proxy_60,0.4937,73.3731
scene_01058_391880_pano,panoramic,189,-2.8004,-0.4236,-0.1766,0.5007,0,,0.0000,0.0000
scene_01058_391880_pano,panoramic,190,0.4196,0.6400,5.3325,0.9418,0,,0.0000,0.0000
scene_01058_391880_pano,panoramic,191,-4.7168,-1.4229,2.7088,0.2799,0,,0.0000,0.0000
scene_01058_391880_pano,panoramic,192,-1.1049,-0.0815,-1.0869,1.5765,1,w0_proxy_10,1.0630,116.2180
scene_01058_391880_pano,panoramic,193,1.3704,0.1465,0.6600,0.3445,1,w2_proxy_44,0.4480,514.8254
scene_01058_391880_pano,panoramic,194,0.1716,-1.1070,3.4775,0.3164,0,,0.0000,0.0000
scene_01058_391880_pano,panoramic,195,1.5838,-0.0644,0.6079,0.5245,1,w2_proxy_56,0.2898,342.4125
scene_01058_391880_pano,panoramic,196,-3.1078,-1.1838,4.3440,0.4870,0,,0.0000,0.0000
scene_01058_391880_pano,panoramic,197,-1.4718,-0.1385,4.2854,1.2228,0,,0.0000,0.0000
scene_01058_391880_pano,panoramic,198,-4.0432,-0.7658,0.6827,0.2906,0,,0.0000,0.0000
scene_01058_391880_pano,panoramic,200,-5.2232,-0.5214,0.7721,0.5100,0,,0.0000,0.0000
scene_01058_391880_pano,panoramic,201,-3.8838,0.0656,-4.5685,0.7593,0,,0.0000,0.0000
scene_01058_391880_pano,panoramic,202,0.1374,0.3368,3.4268,0.4174,0,,0.0000,0.0000
scene_01058_391880_pano,panoramic,204,-0.1473,-1.1622,-0.8515,0.4271,1,w0_proxy_22,0.5684,73.0803
scene_01058_391880_pano,panoramic,205,1.7764,-1.2001,-0.8453,0.3386,1,w2_proxy_39,0.7788,30.8353
scene_01058_391880_pano,panoramic,206,-3.7849,-0.6229,-4.6125,0.5526,0,,0.0000,0.0000
scene_01058_391880_pano,panoramic,207,-1.5899,-0.2491,-1.6416,0.4800,1,w0_proxy_11,1.7171,130.5945
scene_01058_391880_pano,panoramic,209,1.6681,-0.8672,0.6459,0.2827,1,w2_proxy_53,0.3181,9.4595
scene_01058_391880_pano,panoramic,210,-1.4193,-0.5192,0.4047,0.7671,1,w3_proxy_83,1.3599,78.0932
scene_01058_391880_pano,panoramic,211,0.5973,-0.4729,2.9681,0.7671,0,,0.0000,0.0000
scene_01058_391880_pano,panoramic,214,1.8375,-1.3012,3.9815,0.9099,0,,0.0000,0.0000
scene_01058_391880_pano,panoramic,217,0.5801,-0.6644,1.5143,2.1834,1,w1_proxy_34,1.5965,90.8509
scene_01058_391880_pano,panoramic,218,-5.2152,0.2344,0.0133,0.8189,0,,0.0000,0.0000
scene_01058_391880_pano,panoramic,225,-1.0872,-0.9419,5.4084,1.4589,0,,0.0000,0.0000
scene_01058_391880_pano,panoramic,240,-1.6288,-1.2810,3.2181,0.9504,0,,0.0000,0.0000
scene_01058_391880_pano,panoramic,241,-1.6288,-1.2810,5.4916,0.9504,0,,0.0000,0.0000
scene_01058_391880_pano,panoramic,242,-3.4989,-1.3261,-4.4388,0.8600,0,,0.0000,0.0000
scene_01058_391880_pano,panoramic,243,-0.8917,-1.5633,-0.3446,0.2287,1,w0_proxy_21,0.9853,71.9075
scene_01058_391880_pano,panoramic,247,-1.7499,-0.7561,0.9235,2.0000,1,w3_proxy_80,1.8383,91.7613
scene_01058_391880_pano,panoramic,248,0.0442,-0.7561,2.6006,2.0000,0,,0.0000,0.0000
scene_01058_391880_pano,panoramic,249,-0.7231,-0.7561,2.0683,2.0000,0,,0.0000,0.0000
scene_01058_391880_pano,panoramic,250,-0.6527,-0.7561,0.9235,2.0000,1,w3_proxy_84,1.0258,68.6490
scene_01058_391880_pano,panoramic,251,-3.7132,-0.7561,2.0665,2.0000,0,,0.0000,0.0000
scene_01058_391880_pano,panoramic,256,-3.3238,-0.7015,-4.6924,0.3124,0,,0.0000,0.0000
scene_01058_391880_pano,panoramic,257,-3.4079,-0.9875,-2.2909,0.7773,0,,0.0000,0.0000
scene_01058_391880_pano,panoramic,259,-3.9693,-1.2251,-4.3813,0.4860,0,,0.0000,0.0000
scene_01058_391880_pano,panoramic,261,-3.5118,-1.7358,3.7018,1.4583,0,,0.0000,0.0000
scene_01058_391880_pano,panoramic,263,2.0062,-0.1104,0.3085,1.8800,1,w2_proxy_65,1.0775,32.7808
scene_01058_391880_pano,panoramic,264,1.9996,0.1186,-0.6783,1.3700,1,w2_proxy_47,1.0340,17.6581
scene_01058_391880_pano,panoramic,265,-2.6307,-0.3389,-1.3000,1.5168,1,w3_proxy_96,1.7990,26.0340
scene_01058_391880_pano,panoramic,266,-4.8466,-0.7714,0.6071,0.2795,0,,0.0000,0.0000
scene_01058_391620_pano,panoramic,0,-4.8992,0.7367,-0.0324,0.7196,0,,0.0000,0.0000
scene_01058_391620_pano,panoramic,1,-4.3519,0.6467,3.7128,0.8733,0,,0.0000,0.0000
scene_01058_391620_pano,panoramic,2,-1.6516,-1.4811,0.1915,0.1507,1,w1_proxy_33,1.3781,5.4054
scene_01058_391620_pano,panoramic,3,-1.6516,-1.1311,0.1915,0.1507,1,w1_proxy_29,1.2337,14.3842
scene_01058_391620_pano,panoramic,4,-2.0467,-1.0630,0.5508,0.1507,1,w1_proxy_24,1.5571,9.7484
scene_01058_391620_pano,panoramic,5,-1.6516,-1.0630,-1.0208,0.1507,1,w3_proxy_51,1.8796,62.9974
scene_01058_391620_pano,panoramic,6,-1.6516,-1.0630,-1.1089,0.1507,0,,0.0000,0.0000
scene_01058_391620_pano,panoramic,7,-1.4516,-0.0993,-0.3095,0.1507,1,w3_proxy_39,1.4824,1410.0882
scene_01058_391620_pano,panoramic,8,-2.7349,-1.0630,0.5488,0.1507,0,,0.0000,0.0000
scene_01058_391620_pano,panoramic,9,-1.6516,-1.0630,-1.9208,0.1507,0,,0.0000,0.0000
scene_01058_391620_pano,panoramic,10,-1.6516,-1.0630,-2.0089,0.1507,0,,0.0000,0.0000
scene_01058_391620_pano,panoramic,11,-1.6516,-1.0630,-2.4589,0.1507,0,,0.0000,0.0000
scene_01058_391620_pano,panoramic,12,-1.6516,-1.0630,-0.5708,0.1507,1,w3_proxy_47,1.6603,9.1407
scene_01058_391620_pano,panoramic,13,-1.4516,-0.0193,0.1405,0.1507,1,w0_proxy_0,1.6651,564.8221
scene_01058_391620_pano,panoramic,14,-1.4516,-0.0193,0.2286,0.1507,1,w1_proxy_20,1.3573,3769.8939
scene_01058_391620_pano,panoramic,15,-1.4516,-0.0993,0.6786,0.1507,1,w1_proxy_17,1.0768,406.7620
scene_01058_391620_pano,panoramic,20,-0.7691,0.8511,4.5558,0.6766,0,,0.0000,0.0000
scene_01058_391620_pano,panoramic,22,2.4524,0.9722,-0.0601,0.5005,0,,0.0000,0.0000
scene_01058_391620_pano,panoramic,31,-2.5968,-0.6164,4.2063,1.2247,0,,0.0000,0.0000
scene_01058_391620_pano,panoramic,33,-2.3253,-0.8219,1.0317,0.2359,1,w1_proxy_31,1.8514,61.8559
scene_01058_391620_pano,panoramic,34,-3.0689,-0.6467,-2.2292,2.2189,0,,0.0000,0.0000
scene_01058_391620_pano,panoramic,36,0.2484,-1.7203,-0.0776,0.2590,1,w0_proxy_8,0.9839,59.0268
scene_01058_391620_pano,panoramic,38,-1.2280,-0.8111,-0.6037,0.2494,1,w3_proxy_48,1.2970,1.8467
scene_01058_391620_pano,panoramic,39,-0.5375,-1.5665,0.2136,0.3793,1,w0_proxy_14,0.9650,73.0263
scene_01058_391620_pano,panoramic,40,-1.3957,-0.8048,-0.0548,0.4543,1,w1_proxy_30,1.1758,50.2712
scene_01058_391620_pano,panoramic,41,-1.3140,-0.7272,0.4104,0.3286,1,w1_proxy_18,0.8145,64.2623
scene_01058_391620_pano,panoramic,43,-2.1220,-0.0649,1.1216,0.7986,1,w1_proxy_32,1.8229,34.2555
scene_01058_391620_pano,panoramic,48,-2.2508,0.1061,-2.9930,0.8493,0,,0.0000,0.0000
scene_01058_391620_pano,panoramic,49,-0.5028,-1.2814,4.6648,2.2300,0,,0.0000,0.0000
scene_01058_391620_pano,panoramic,50,1.9472,-1.3848,-0.8295,2.0000,0,,0.0000,0.0000
scene_01058_391620_pano,panoramic,51,-0.5166,-0.6561,0.7345,1.8000,1,w1_proxy_26,0.5429,89.6394
scene_01058_391620_pano,panoramic,52,3.7312,-0.6561,3.0885,1.8000,0,,0.0000,0.0000
scene_01058_391620_pano,panoramic,58,3.0057,-0.1242,0.9914,0.3950,0,,0.0000,0.0000
scene_01058_391620_pano,panoramic,60,-2.0930,0.1389,-2.7970,0.6865,0,,0.0000,0.0000
scene_01058_391620_pano,panoramic,61,-1.3063,-0.6752,0.8436,0.4810,1,w1_proxy_22,0.8195,74.2734
scene_01058_391620_pano,panoramic,62,-1.6959,-0.7852,0.8824,0.4086,1,w1_proxy_19,1.2445,80.0803
scene_01058_391620_pano,panoramic,63,-3.3533,-1.2816,-0.1514,0.9492,0,,0.0000,0.0000
scene_01058_391620_pano,panoramic,64,-3.3525,-1.2816,0.2970,0.9492,0,,0.0000,0.0000
scene_01058_391620_pano,panoramic,65,-1.2653,-0.7757,-1.9841,0.2828,1,w2_proxy_38,1.9176,66.4220
scene_01058_391620_pano,panoramic,66,2.2394,-1.5591,3.7775,0.2680,0,,0.0000,0.0000
scene_01058_391620_pano,panoramic,68,0.0633,0.6389,-1.1100,0.6000,1,w3_proxy_53,1.2408,1428.3363
scene_01058_391620_pano,panoramic,69,3.3765,0.6389,2.6104,0.5894,0,,0.0000,0.0000
scene_01058_391620_pano,panoramic,70,-2.5601,0.1623,2.7316,0.5000,0,,0.0000,0.0000
scene_01058_391620_pano,panoramic,71,-3.4085,-1.5075,0.7442,0.3100,0,,0.0000,0.0000
scene_01058_391620_pano,panoramic,72,-2.4822,0.0223,3.8833,0.3600,0,,0.0000,0.0000
scene_01058_391620_pano,panoramic,73,1.8125,-1.0772,-1.1658,0.5100,1,w0_proxy_9,1.6657,73.3359
scene_01058_391620_pano,panoramic,77,0.8522,-0.1857,3.7031,1.6200,0,,0.0000,0.0000
scene_01058_391620_pano,panoramic,83,3.4657,0.7217,1.0361,0.8934,0,,0.0000,0.0000
scene_01058_391620_pano,panoramic,84,-2.0513,0.6035,5.4862,0.8934,0,,0.0000,0.0000
scene_01058_391620_pano,panoramic,86,2.2353,-0.4359,3.7509,0.6030,0,,0.0000,0.0000
scene_01058_391620_pano,panoramic,87,1.8441,-1.7254,-0.0056,0.4213,0,,0.0000,0.0000
scene_01058_391620_pano,panoramic,88,2.4244,-1.0786,0.9352,1.3551,0,,0.0000,0.0000
scene_01058_391620_pano,panoramic,129,-2.3908,-1.2536,0.8215,0.6163,1,w1_proxy_27,1.9191,93.3878
scene_01058_391620_pano,panoramic,130,0.8643,-0.5680,5.7803,1.0719,0,,0.0000,0.0000
scene_01058_391620_pano,panoramic,133,3.2615,-0.3402,0.9317,0.5916,0,,0.0000,0.0000
scene_01058_391620_pano,panoramic,134,-3.5655,-0.0487,-2.2701,0.7000,0,,0.0000,0.0000
scene_01058_391620_pano,panoramic,136,-3.3396,-0.5131,-1.4270,0.2640,0,,0.0000,0.0000
scene_01058_391620_pano,panoramic,137,1.1918,-0.9092,-0.0518,0.4100,1,w3_proxy_41,1.0606,65.0491
scene_01058_391620_pano,panoramic,138,3.2657,-1.3345,1.4361,0.2846,0,,0.0000,0.0000
scene_01058_391620_pano,panoramic,139,-1.3183,0.0463,0.1824,0.8909,1,w2_proxy_37,1.0976,249.9774
scene_01058_391620_pano,panoramic,141,3.6197,-1.4192,1.7208,0.7126,0,,0.0000,0.0000
scene_01058_391620_pano,panoramic,144,-1.4101,-0.8040,-2.5068,0.2673,0,,0.0000,0.0000
scene_01058_391620_pano,panoramic,145,2.3889,-0.0361,-1.2795,1.1000,0,,0.0000,0.0000
scene_01058_391620_pano,panoramic,146,2.0397,-0.0213,1.8350,0.9000,0,,0.0000,0.0000
scene_01058_391620_pano,panoramic,147,4.2462,-0.5561,0.1555,2.4000,0,,0.0000,0.0000
scene_01058_391620_pano,panoramic,149,-2.3671,-0.7096,-4.2303,0.3031,0,,0.0000,0.0000
scene_01058_391620_pano,panoramic,150,-1.6800,-0.1290,1.3722,1.6960,1,w2_proxy_35,1.9255,3.7190
scene_01058_391620_pano,panoramic,151,2.5746,-1.2389,-1.1459,0.6400,0,,0.0000,0.0000
scene_01058_391620_pano,panoramic,152,-1.3408,-0.9104,0.1915,0.7685,1,w1_proxy_25,0.8950,84.9466
scene_01058_391620_pano,panoramic,154,3.0731,-1.3350,5.0579,2.1161,0,,0.0000,0.0000
scene_01058_391620_pano,panoramic,158,-4.7575,-0.6327,-1.5445,2.4042,0,,0.0000,0.0000
scene_01058_391620_pano,panoramic,159,3.2086,-0.8689,0.8949,0.4309,0,,0.0000,0.0000
scene_01058_391620_pano,panoramic,160,-2.5114,-1.2886,4.4491,0.3765,0,,0.0000,0.0000
scene_01058_391620_pano,panoramic,161,-3.1920,-0.7002,-4.2577,0.2837,0,,0.0000,0.0000
scene_01058_391620_pano,panoramic,162,-0.0658,-0.7311,-0.5006,2.0500,1,w3_proxy_50,0.5106,65.8110
scene_01058_391620_pano,panoramic,163,0.0633,0.6354,0.3827,0.6018,1,w0_proxy_4,0.4689,1581.3304
scene_01058_391620_pano,panoramic,164,-0.4788,-1.3571,-0.0814,0.7981,1,w0_proxy_2,0.8535,80.4519
scene_01058_391620_pano,panoramic,165,-2.6748,-1.3746,3.7577,0.5987,0,,0.0000,0.0000
scene_01058_391620_pano,panoramic,167,-2.6509,-1.2282,5.2095,0.5693,0,,0.0000,0.0000
scene_01058_391620_pano,panoramic,171,1.2375,-1.0933,0.0523,0.2380,1,w0_proxy_12,1.2172,22.2456
scene_01058_391620_pano,panoramic,172,2.6007,-1.7469,-0.2088,1.0920,0,,0.0000,0.0000
scene_01058_391620_pano,panoramic,174,-0.2388,-0.2561,-1.5445,1.2000,1,w0_proxy_11,1.1885,33.3666
scene_01058_391620_pano,panoramic,175,4.2462,-0.2561,2.3205,1.2000,0,,0.0000,0.0000
scene_01058_391620_pano,panoramic,178,3.7728,0.2123,0.9663,0.2808,0,,0.0000,0.0000
scene_01058_391620_pano,panoramic,180,-0.9508,-0.2061,-2.2370,1.2000,0,,0.0000,0.0000
scene_01058_391620_pano,panoramic,181,-0.9508,-0.5181,-3.6935,2.4000,0,,0.0000,0.0000
scene_01058_391620_pano,panoramic,182,1.1472,-1.2809,-0.5274,0.5500,1,w3_proxy_45,1.2303,85.9166
scene_01058_391620_pano,panoramic,183,1.1472,-1.2870,-1.0774,0.5500,1,w0_proxy_10,1.1222,73.4730
scene_01058_391620_pano,panoramic,184,-3.3501,-1.1462,0.7754,0.3996,0,,0.0000,0.0000
scene_01058_391620_pano,panoramic,185,-3.3120,-0.6854,0.7764,0.3996,0,,0.0000,0.0000
scene_01058_391620_pano,panoramic,186,-1.0929,0.0326,-2.2145,1.2000,0,,0.0000,0.0000
scene_01058_391620_pano,panoramic,188,3.2603,-1.2475,0.2998,1.0172,0,,0.0000,0.0000
scene_01058_391620_pano,panoramic,189,-0.7333,-0.4236,0.1495,0.5007,1,w0_proxy_3,0.8633,32.4462
scene_01058_391620_pano,panoramic,191,-2.6497,-1.4229,3.0348,0.2799,0,,0.0000,0.0000
scene_01058_391620_pano,panoramic,192,0.9622,-0.0815,-0.7609,1.5765,1,w0_proxy_5,1.2852,26.8093
scene_01058_391620_pano,panoramic,193,3.4375,0.1465,0.9860,0.3445,0,,0.0000,0.0000
scene_01058_391620_pano,panoramic,194,2.2387,-1.1070,3.8035,0.3164,0,,0.0000,0.0000
scene_01058_391620_pano,panoramic,195,3.6509,-0.0644,0.9339,0.5245,0,,0.0000,0.0000
scene_01058_391620_pano,panoramic,196,-1.0407,-1.1838,4.6700,0.4870,0,,0.0000,0.0000
scene_01058_391620_pano,panoramic,197,0.5953,-0.1385,4.6114,1.2228,0,,0.0000,0.0000
scene_01058_391620_pano,panoramic,198,-1.9761,-0.7658,1.0087,0.2906,1,w1_proxy_28,1.5498,57.2268
scene_01058_391620_pano,panoramic,200,-3.1561,-0.5214,1.0981,0.5100,0,,0.0000,0.0000
scene_01058_391620_pano,panoramic,201,-1.8167,0.0656,-4.2425,0.7593,0,,0.0000,0.0000
scene_01058_391620_pano,panoramic,202,2.2045,0.3368,3.7528,0.4174,0,,0.0000,0.0000
scene_01058_391620_pano,panoramic,204,1.9198,-1.1622,-0.5255,0.4271,1,w3_proxy_40,1.8911,72.0125
scene_01058_391620_pano,panoramic,205,3.8435,-1.2001,-0.5193,0.3386,0,,0.0000,0.0000
scene_01058_391620_pano,panoramic,206,-1.7178,-0.6229,-4.2865,0.5526,0,,0.0000,0.0000
scene_01058_391620_pano,panoramic,207,0.4772,-0.2491,-1.3155,0.4800,1,w0_proxy_13,0.8479,145.3127
scene_01058_391620_pano,panoramic,209,3.7352,-0.8672,0.9719,0.2827,0,,0.0000,0.0000
scene_01058_391620_pano,panoramic,210,0.6478,-0.5192,0.7307,0.7671,1,w0_proxy_16,0.5346,73.5462
scene_01058_391620_pano,panoramic,211,2.6644,-0.4729,3.2941,0.7671,0,,0.0000,0.0000
scene_01058_391620_pano,panoramic,214,3.9046,-1.3012,4.3075,0.9099,0,,0.0000,0.0000
scene_01058_391620_pano,panoramic,217,2.6472,-0.6644,1.8403,2.1834,0,,0.0000,0.0000
scene_01058_391620_pano,panoramic,218,-3.1481,0.2344,0.3393,0.8189,0,,0.0000,0.0000
scene_01058_391620_pano,panoramic,225,0.9799,-0.9419,5.7344,1.4589,0,,0.0000,0.0000
scene_01058_391620_pano,panoramic,240,0.4383,-1.2810,3.5441,0.9504,0,,0.0000,0.0000
scene_01058_391620_pano,panoramic,241,0.4383,-1.2810,5.8176,0.9504,0,,0.0000,0.0000
scene_01058_391620_pano,panoramic,242,-1.4318,-1.3261,-4.1128,0.8600,0,,0.0000,0.0000
scene_01058_391620_pano,panoramic,243,1.1754,-1.5633,-0.0185,0.2287,1,w3_proxy_43,1.2816,83.3176
scene_01058_391620_pano,panoramic,244,-5.1991,-1.0281,-0.1197,1.6000,0,,0.0000,0.0000
scene_01058_391620_pano,panoramic,247,0.3172,-0.7561,1.2495,2.0000,1,w0_proxy_7,0.8110,77.3627
scene_01058_391620_pano,panoramic,248,2.1113,-0.7561,2.9267,2.0000,0,,0.0000,0.0000
scene_01058_391620_pano,panoramic,249,1.3440,-0.7561,2.3943,2.0000,0,,0.0000,0.0000
scene_01058_391620_pano,panoramic,250,1.4144,-0.7561,1.2495,2.0000,1,w0_proxy_6,1.4685,63.2594
scene_01058_391620_pano,panoramic,251,-1.6461,-0.7561,2.3926,2.0000,0,,0.0000,0.0000
scene_01058_391620_pano,panoramic,252,-3.4958,-0.7561,-3.3658,2.0000,0,,0.0000,0.0000
scene_01058_391620_pano,panoramic,253,-4.8439,1.0397,-2.9235,0.2177,0,,0.0000,0.0000
scene_01058_391620_pano,panoramic,255,-4.7624,-1.3463,2.8508,0.9219,0,,0.0000,0.0000
scene_01058_391620_pano,panoramic,256,-1.2567,-0.7015,-4.3664,0.3124,0,,0.0000,0.0000
scene_01058_391620_pano,panoramic,257,-1.3408,-0.9875,-1.9648,0.7773,0,,0.0000,0.0000
scene_01058_391620_pano,panoramic,259,-1.9022,-1.2251,-4.0553,0.4860,0,,0.0000,0.0000
scene_01058_391620_pano,panoramic,261,-1.4447,-1.7358,4.0278,1.4583,0,,0.0000,0.0000
scene_01058_391620_pano,panoramic,263,4.0733,-0.1104,0.6345,1.8800,0,,0.0000,0.0000
scene_01058_391620_pano,panoramic,264,4.0667,0.1186,-0.3523,1.3700,0,,0.0000,0.0000
scene_01058_391620_pano,panoramic,265,-0.5636,-0.3389,-0.9740,1.5168,1,w2_proxy_36,0.5392,8.0792
scene_01058_391620_pano,panoramic,266,-2.7795,-0.7714,0.9332,0.2795,0,,0.0000,0.0000
scene_01058_391620_pano,panoramic,317,-4.8114,-1.3145,0.3032,0.8833,0,,0.0000,0.0000
scene_01058_391620_pano,panoramic,318,-4.8194,-1.3145,-0.5379,0.8833,0,,0.0000,0.0000
scene_01058_391620_pano,panoramic,319,-5.2005,-1.3145,-1.0450,0.8833,0,,0.0000,0.0000
scene_01058_391620_pano,panoramic,320,-5.5868,-1.3145,0.3164,0.8833,0,,0.0000,0.0000
scene_01058_391620_pano,panoramic,321,-5.6073,-1.3145,-0.5406,0.8833,0,,0.0000,0.0000
scene_01058_391620_pano,panoramic,322,-5.2084,-1.3145,0.8102,0.8833,0,,0.0000,0.0000
scene_01058_391620_pano,panoramic,325,-2.4980,-0.0391,4.5243,0.2217,0,,0.0000,0.0000
scene_01058_397364_pano,panoramic,0,-4.3521,0.7367,-3.4354,0.7196,0,,0.0000,0.0000
scene_01058_397364_pano,panoramic,1,-3.8048,0.6467,0.3099,0.8733,0,,0.0000,0.0000
scene_01058_397364_pano,panoramic,2,-1.1044,-1.4811,-3.2114,0.1507,0,,0.0000,0.0000
scene_01058_397364_pano,panoramic,3,-1.1044,-1.1311,-3.2114,0.1507,0,,0.0000,0.0000
scene_01058_397364_pano,panoramic,4,-1.4996,-1.0630,-2.8522,0.1507,0,,0.0000,0.0000
scene_01058_397364_pano,panoramic,5,-1.1044,-1.0630,-4.4237,0.1507,0,,0.0000,0.0000
scene_01058_397364_pano,panoramic,6,-1.1044,-1.0630,-4.5118,0.1507,0,,0.0000,0.0000
scene_01058_397364_pano,panoramic,7,-0.9044,-0.0993,-3.7125,0.1507,0,,0.0000,0.0000
scene_01058_397364_pano,panoramic,8,-2.1878,-1.0630,-2.8542,0.1507,0,,0.0000,0.0000
scene_01058_397364_pano,panoramic,9,-1.1044,-1.0630,-5.3237,0.1507,0,,0.0000,0.0000
scene_01058_397364_pano,panoramic,10,-1.1044,-1.0630,-5.4118,0.1507,0,,0.0000,0.0000
scene_01058_397364_pano,panoramic,11,-1.1044,-1.0630,-5.8618,0.1507,0,,0.0000,0.0000
scene_01058_397364_pano,panoramic,12,-1.1044,-1.0630,-3.9737,0.1507,0,,0.0000,0.0000
scene_01058_397364_pano,panoramic,13,-0.9044,-0.0193,-3.2625,0.1507,0,,0.0000,0.0000
scene_01058_397364_pano,panoramic,14,-0.9044,-0.0193,-3.1743,0.1507,0,,0.0000,0.0000
scene_01058_397364_pano,panoramic,15,-0.9044,-0.0993,-2.7243,0.1507,0,,0.0000,0.0000
scene_01058_397364_pano,panoramic,20,-0.2220,0.8511,1.1529,0.6766,1,w2_proxy_43,1.3029,202.0030
scene_01058_397364_pano,panoramic,22,2.9995,0.9722,-3.4631,0.5005,0,,0.0000,0.0000
scene_01058_397364_pano,panoramic,31,-2.0496,-0.6164,0.8033,1.2247,1,w0_proxy_1,1.4602,63.5341
scene_01058_397364_pano,panoramic,32,-5.8056,-0.0855,0.8743,2.5581,0,,0.0000,0.0000
scene_01058_397364_pano,panoramic,33,-1.7782,-0.8219,-2.3712,0.2359,1,w0_proxy_11,1.5469,132.8839
scene_01058_397364_pano,panoramic,36,0.7955,-1.7203,-3.4806,0.2590,0,,0.0000,0.0000
scene_01058_397364_pano,panoramic,37,-5.3439,0.6221,2.5286,0.8501,0,,0.0000,0.0000
scene_01058_397364_pano,panoramic,38,-0.6809,-0.8111,-4.0067,0.2494,0,,0.0000,0.0000
scene_01058_397364_pano,panoramic,39,0.0096,-1.5665,-3.1894,0.3793,0,,0.0000,0.0000
scene_01058_397364_pano,panoramic,40,-0.8485,-0.8048,-3.4578,0.4543,0,,0.0000,0.0000
scene_01058_397364_pano,panoramic,41,-0.7669,-0.7272,-2.9925,0.3286,0,,0.0000,0.0000
scene_01058_397364_pano,panoramic,42,-1.5897,-0.1230,3.4822,0.7986,0,,0.0000,0.0000
scene_01058_397364_pano,panoramic,43,-1.5749,-0.0649,-2.2814,0.7986,0,,0.0000,0.0000
scene_01058_397364_pano,panoramic,44,-2.2687,-0.8088,3.4588,1.8946,0,,0.0000,0.0000
scene_01058_397364_pano,panoramic,45,-5.5193,-0.8088,-1.5979,1.8946,0,,0.0000,0.0000
scene_01058_397364_pano,panoramic,49,0.0443,-1.2814,1.2618,2.2300,1,w2_proxy_65,0.3722,88.7012
scene_01058_397364_pano,panoramic,50,2.4943,-1.3848,-4.2324,2.0000,0,,0.0000,0.0000
scene_01058_397364_pano,panoramic,51,0.0305,-0.6561,-2.6684,1.8000,1,w2_proxy_51,1.8635,8.1372
scene_01058_397364_pano,panoramic,52,4.2783,-0.6561,-0.3144,1.8000,0,,0.0000,0.0000
scene_01058_397364_pano,panoramic,58,3.5528,-0.1242,-2.4115,0.3950,0,,0.0000,0.0000
scene_01058_397364_pano,panoramic,61,-0.7592,-0.6752,-2.5593,0.4810,0,,0.0000,0.0000
scene_01058_397364_pano,panoramic,62,-1.1488,-0.7852,-2.5205,0.4086,0,,0.0000,0.0000
scene_01058_397364_pano,panoramic,63,-2.8062,-1.2816,-3.5544,0.9492,0,,0.0000,0.0000
scene_01058_397364_pano,panoramic,64,-2.8054,-1.2816,-3.1060,0.9492,0,,0.0000,0.0000
scene_01058_397364_pano,panoramic,65,-0.7182,-0.7757,-5.3870,0.2828,0,,0.0000,0.0000
scene_01058_397364_pano,panoramic,66,2.7865,-1.5591,0.3746,0.2680,0,,0.0000,0.0000
scene_01058_397364_pano,panoramic,68,0.6104,0.6389,-4.5129,0.6000,0,,0.0000,0.0000
scene_01058_397364_pano,panoramic,69,3.9236,0.6389,-0.7925,0.5894,0,,0.0000,0.0000
scene_01058_397364_pano,panoramic,70,-2.0129,0.1623,-0.6713,0.5000,1,w0_proxy_7,1.9829,191.5597
scene_01058_397364_pano,panoramic,71,-2.8614,-1.5075,-2.6587,0.3100,0,,0.0000,0.0000
scene_01058_397364_pano,panoramic,72,-1.9351,0.0223,0.4803,0.3600,1,w0_proxy_4,1.5498,250.3673
scene_01058_397364_pano,panoramic,73,2.3596,-1.0772,-4.5688,0.5100,0,,0.0000,0.0000
scene_01058_397364_pano,panoramic,75,-2.0335,0.0084,3.5003,0.7877,0,,0.0000,0.0000
scene_01058_397364_pano,panoramic,76,0.8482,-1.2520,3.4584,1.2044,1,w1_proxy_32,1.7993,79.9170
scene_01058_397364_pano,panoramic,77,1.3993,-0.1857,0.3002,1.6200,1,w2_proxy_38,1.2457,248.4747
scene_01058_397364_pano,panoramic,79,-0.5492,-0.5061,3.9906,2.5000,0,,0.0000,0.0000
scene_01058_397364_pano,panoramic,81,2.7556,-0.3811,3.9906,2.7500,0,,0.0000,0.0000
scene_01058_397364_pano,panoramic,83,4.0129,0.7217,-2.3669,0.8934,0,,0.0000,0.0000
scene_01058_397364_pano,panoramic,84,-1.5042,0.6035,2.0832,0.8934,1,w1_proxy_22,1.1303,684.9531
scene_01058_397364_pano,panoramic,86,2.7824,-0.4359,0.3480,0.6030,0,,0.0000,0.0000
scene_01058_397364_pano,panoramic,87,2.3912,-1.7254,-3.4085,0.4213,0,,0.0000,0.0000
scene_01058_397364_pano,panoramic,88,2.9715,-1.0786,-2.4677,1.3551,0,,0.0000,0.0000
scene_01058_397364_pano,panoramic,89,1.7016,-1.0786,3.6528,1.3551,0,,0.0000,0.0000
scene_01058_397364_pano,panoramic,129,-1.8437,-1.2536,-2.5814,0.6163,0,,0.0000,0.0000
scene_01058_397364_pano,panoramic,130,1.4114,-0.5680,2.3774,1.0719,1,w1_proxy_16,0.9076,40.4580
scene_01058_397364_pano,panoramic,133,3.8087,-0.3402,-2.4712,0.5916,0,,0.0000,0.0000
scene_01058_397364_pano,panoramic,136,-2.7925,-0.5131,-4.8299,0.2640,0,,0.0000,0.0000
scene_01058_397364_pano,panoramic,137,1.7390,-0.9092,-3.4547,0.4100,0,,0.0000,0.0000
scene_01058_397364_pano,panoramic,138,3.8128,-1.3345,-1.9668,0.2846,0,,0.0000,0.0000
scene_01058_397364_pano,panoramic,139,-0.7712,0.0463,-3.2205,0.8909,0,,0.0000,0.0000
scene_01058_397364_pano,panoramic,141,4.1668,-1.4192,-1.6821,0.7126,0,,0.0000,0.0000
scene_01058_397364_pano,panoramic,142,4.4704,-1.5236,2.3514,0.4650,0,,0.0000,0.0000
scene_01058_397364_pano,panoramic,143,0.3514,-1.3441,3.4036,0.8241,1,w1_proxy_31,1.6400,52.6589
scene_01058_397364_pano,panoramic,144,-0.8630,-0.8040,-5.9097,0.2673,0,,0.0000,0.0000
scene_01058_397364_pano,panoramic,145,2.9360,-0.0361,-4.6824,1.1000,0,,0.0000,0.0000
scene_01058_397364_pano,panoramic,146,2.5868,-0.0213,-1.5680,0.9000,0,,0.0000,0.0000
scene_01058_397364_pano,panoramic,147,4.7933,-0.5561,-3.2474,2.4000,0,,0.0000,0.0000
scene_01058_397364_pano,panoramic,150,-1.1329,-0.1290,-2.0308,1.6960,0,,0.0000,0.0000
scene_01058_397364_pano,panoramic,151,3.1217,-1.2389,-4.5489,0.6400,0,,0.0000,0.0000
scene_01058_397364_pano,panoramic,152,-0.7937,-0.9104,-3.2114,0.7685,0,,0.0000,0.0000
scene_01058_397364_pano,panoramic,153,3.6202,-1.3350,3.0550,2.1161,0,,0.0000,0.0000
scene_01058_397364_pano,panoramic,154,3.6202,-1.3350,1.6550,2.1161,0,,0.0000,0.0000
scene_01058_397364_pano,panoramic,156,-0.6790,-0.6561,2.7476,2.2000,1,w1_proxy_27,0.9832,60.1213
scene_01058_397364_pano,panoramic,159,3.7557,-0.8689,-2.5080,0.4309,0,,0.0000,0.0000
scene_01058_397364_pano,panoramic,160,-1.9643,-1.2886,1.0462,0.3765,1,w0_proxy_0,1.5599,178.7660
scene_01058_397364_pano,panoramic,162,0.4813,-0.7311,-3.9035,2.0500,0,,0.0000,0.0000
scene_01058_397364_pano,panoramic,163,0.6104,0.6354,-3.0202,0.6018,0,,0.0000,0.0000
scene_01058_397364_pano,panoramic,164,0.0683,-1.3571,-3.4843,0.7981,0,,0.0000,0.0000
scene_01058_397364_pano,panoramic,165,-2.1277,-1.3746,0.3548,0.5987,1,w0_proxy_8,1.6817,64.9048
scene_01058_397364_pano,panoramic,167,-2.1038,-1.2282,1.8066,0.5693,1,w1_proxy_34,0.9960,65.4911
scene_01058_397364_pano,panoramic,168,2.6693,-0.5561,4.1756,2.5600,0,,0.0000,0.0000
scene_01058_397364_pano,panoramic,169,-0.6651,-0.5561,4.1756,2.4000,0,,0.0000,0.0000
scene_01058_397364_pano,panoramic,171,1.7846,-1.0933,-3.3506,0.2380,0,,0.0000,0.0000
scene_01058_397364_pano,panoramic,172,3.1478,-1.7469,-3.6117,1.0920,0,,0.0000,0.0000
scene_01058_397364_pano,panoramic,173,2.6429,-1.7469,2.2568,1.8161,0,,0.0000,0.0000
scene_01058_397364_pano,panoramic,174,0.3083,-0.2561,-4.9474,1.2000,0,,0.0000,0.0000
scene_01058_397364_pano,panoramic,175,4.7933,-0.2561,-1.0824,1.2000,0,,0.0000,0.0000
scene_01058_397364_pano,panoramic,178,4.3199,0.2123,-2.4367,0.2808,0,,0.0000,0.0000
scene_01058_397364_pano,panoramic,180,-0.4037,-0.2061,-5.6399,1.2000,0,,0.0000,0.0000
scene_01058_397364_pano,panoramic,182,1.6943,-1.2809,-3.9303,0.5500,0,,0.0000,0.0000
scene_01058_397364_pano,panoramic,183,1.6943,-1.2870,-4.4803,0.5500,0,,0.0000,0.0000
scene_01058_397364_pano,panoramic,184,-2.8030,-1.1462,-2.6275,0.3996,0,,0.0000,0.0000
scene_01058_397364_pano,panoramic,185,-2.7649,-0.6854,-2.6266,0.3996,0,,0.0000,0.0000
scene_01058_397364_pano,panoramic,186,-0.5457,0.0326,-5.6174,1.2000,0,,0.0000,0.0000
scene_01058_397364_pano,panoramic,187,-2.1715,-0.8429,2.2862,1.8265,1,w1_proxy_33,1.4934,57.7785
scene_01058_397364_pano,panoramic,188,3.8074,-1.2475,-3.1032,1.0172,0,,0.0000,0.0000
scene_01058_397364_pano,panoramic,189,-0.1862,-0.4236,-3.2535,0.5007,0,,0.0000,0.0000
scene_01058_397364_pano,panoramic,190,3.0338,0.6400,2.2556,0.9418,0,,0.0000,0.0000
scene_01058_397364_pano,panoramic,191,-2.1026,-1.4229,-0.3681,0.2799,1,w0_proxy_6,1.9183,272.8014
scene_01058_397364_pano,panoramic,192,1.5093,-0.0815,-4.1639,1.5765,0,,0.0000,0.0000
scene_01058_397364_pano,panoramic,193,3.9846,0.1465,-2.4169,0.3445,0,,0.0000,0.0000
scene_01058_397364_pano,panoramic,194,2.7858,-1.1070,0.4006,0.3164,0,,0.0000,0.0000
scene_01058_397364_pano,panoramic,195,4.1980,-0.0644,-2.4690,0.5245,0,,0.0000,0.0000
scene_01058_397364_pano,panoramic,196,-0.4936,-1.1838,1.2671,0.4870,1,w2_proxy_68,0.7249,17.2146
scene_01058_397364_pano,panoramic,197,1.1424,-0.1385,1.2085,1.2228,1,w2_proxy_52,1.2203,85.6193
scene_01058_397364_pano,panoramic,198,-1.4290,-0.7658,-2.3942,0.2906,0,,0.0000,0.0000
scene_01058_397364_pano,panoramic,200,-2.6090,-0.5214,-2.3049,0.5100,0,,0.0000,0.0000
scene_01058_397364_pano,panoramic,202,2.7516,0.3368,0.3498,0.4174,0,,0.0000,0.0000
scene_01058_397364_pano,panoramic,204,2.4669,-1.1622,-3.9284,0.4271,0,,0.0000,0.0000
scene_01058_397364_pano,panoramic,205,4.3906,-1.2001,-3.9222,0.3386,0,,0.0000,0.0000
scene_01058_397364_pano,panoramic,207,1.0243,-0.2491,-4.7185,0.4800,0,,0.0000,0.0000
scene_01058_397364_pano,panoramic,208,-5.0224,-1.0522,-0.9652,1.4079,0,,0.0000,0.0000
scene_01058_397364_pano,panoramic,209,4.2823,-0.8672,-2.4310,0.2827,0,,0.0000,0.0000
scene_01058_397364_pano,panoramic,210,1.1949,-0.5192,-2.6722,0.7671,0,,0.0000,0.0000
scene_01058_397364_pano,panoramic,211,3.2115,-0.4729,-0.1088,0.7671,0,,0.0000,0.0000
scene_01058_397364_pano,panoramic,212,-4.1539,-1.3321,0.8404,1.2409,0,,0.0000,0.0000
scene_01058_397364_pano,panoramic,213,4.4292,-1.3012,3.8106,0.9099,0,,0.0000,0.0000
scene_01058_397364_pano,panoramic,214,4.4517,-1.3012,0.9046,0.9099,0,,0.0000,0.0000
scene_01058_397364_pano,panoramic,216,-3.9396,-1.3511,3.2868,2.0352,0,,0.0000,0.0000
scene_01058_397364_pano,panoramic,217,3.1943,-0.6644,-1.5626,2.1834,0,,0.0000,0.0000
scene_01058_397364_pano,panoramic,218,-2.6009,0.2344,-3.0636,0.8189,0,,0.0000,0.0000
scene_01058_397364_pano,panoramic,225,1.5270,-0.9419,2.3315,1.4589,1,w1_proxy_25,1.0580,69.5453
scene_01058_397364_pano,panoramic,240,0.9855,-1.2810,0.1411,0.9504,1,w2_proxy_55,0.9295,77.3551
scene_01058_397364_pano,panoramic,241,0.9855,-1.2810,2.4147,0.9504,1,w1_proxy_36,0.7544,79.1254
scene_01058_397364_pano,panoramic,243,1.7226,-1.5633,-3.4215,0.2287,0,,0.0000,0.0000
scene_01058_397364_pano,panoramic,244,-4.6520,-1.0281,-3.5227,1.6000,0,,0.0000,0.0000
scene_01058_397364_pano,panoramic,245,1.0161,-0.0305,3.4616,1.2172,0,,0.0000,0.0000
scene_01058_397364_pano,panoramic,247,0.8643,-0.7561,-2.1534,2.0000,0,,0.0000,0.0000
scene_01058_397364_pano,panoramic,248,2.6585,-0.7561,-0.4763,2.0000,0,,0.0000,0.0000
scene_01058_397364_pano,panoramic,249,1.8911,-0.7561,-1.0086,2.0000,0,,0.0000,0.0000
scene_01058_397364_pano,panoramic,250,1.9615,-0.7561,-2.1534,2.0000,0,,0.0000,0.0000
scene_01058_397364_pano,panoramic,251,-1.0990,-0.7561,-1.0104,2.0000,1,w0_proxy_9,0.8330,67.0376
scene_01058_397364_pano,panoramic,255,-4.2153,-1.3463,-0.5521,0.9219,0,,0.0000,0.0000
scene_01058_397364_pano,panoramic,257,-0.7937,-0.9875,-5.3678,0.7773,0,,0.0000,0.0000
scene_01058_397364_pano,panoramic,261,-0.8976,-1.7358,0.6249,1.4583,1,w2_proxy_57,1.3423,58.7524
scene_01058_397364_pano,panoramic,262,-3.8766,0.6135,3.3911,0.3262,0,,0.0000,0.0000
scene_01058_397364_pano,panoramic,263,4.6204,-0.1104,-2.7684,1.8800,0,,0.0000,0.0000
scene_01058_397364_pano,panoramic,264,4.6138,0.1186,-3.7553,1.3700,0,,0.0000,0.0000
scene_01058_397364_pano,panoramic,265,-0.0165,-0.3389,-4.3769,1.5168,0,,0.0000,0.0000
scene_01058_397364_pano,panoramic,266,-2.2324,-0.7714,-2.4698,0.2795,0,,0.0000,0.0000
scene_01058_397364_pano,panoramic,317,-4.2643,-1.3145,-3.0998,0.8833,0,,0.0000,0.0000
scene_01058_397364_pano,panoramic,318,-4.2723,-1.3145,-3.9409,0.8833,0,,0.0000,0.0000
scene_01058_397364_pano,panoramic,320,-5.0397,-1.3145,-3.0866,0.8833,0,,0.0000,0.0000
scene_01058_397364_pano,panoramic,322,-4.6612,-1.3145,-2.5927,0.8833,0,,0.0000,0.0000
scene_01058_397364_pano,panoramic,325,-1.9509,-0.0391,1.1214,0.2217,1,w0_proxy_3,1.4911,497.2426
scene_01058_397364_pano,panoramic,326,-5.5784,-1.2552,-0.8635,1.0020,0,,0.0000,0.0000
scene_01058_388417_pano,panoramic,0,-3.1575,0.7367,0.3878,0.7196,1,w3_proxy_141,1.6754,423.4014
scene_01058_388417_pano,panoramic,1,-2.6102,0.6467,4.1330,0.8733,0,,0.0000,0.0000
scene_01058_388417_pano,panoramic,2,0.0901,-1.4811,0.6118,0.1507,1,w5_proxy_316,0.7035,159.3209
scene_01058_388417_pano,panoramic,3,0.0901,-1.1311,0.6118,0.1507,1,w5_proxy_321,0.3266,120.2263
scene_01058_388417_pano,panoramic,4,-0.3051,-1.0630,0.9710,0.1507,1,w8_proxy_395,0.2744,80.6613
scene_01058_388417_pano,panoramic,5,0.0901,-1.0630,-0.6005,0.1507,1,w7_proxy_383,0.3557,102.8281
scene_01058_388417_pano,panoramic,6,0.0901,-1.0630,-0.6887,0.1507,1,w7_proxy_360,0.3233,36.6544
scene_01058_388417_pano,panoramic,7,0.2901,-0.0993,0.1107,0.1507,1,w5_proxy_331,0.2533,2975.3303
scene_01058_388417_pano,panoramic,8,-0.9932,-1.0630,0.9690,0.1507,1,w8_proxy_425,0.3263,72.0462
scene_01058_388417_pano,panoramic,9,0.0901,-1.0630,-1.5005,0.1507,1,w7_proxy_363,0.8805,13.2926
scene_01058_388417_pano,panoramic,10,0.0901,-1.0630,-1.5887,0.1507,1,w1_proxy_51,1.0566,6.9620
scene_01058_388417_pano,panoramic,11,0.0901,-1.0630,-2.0387,0.1507,1,w2_proxy_129,1.4223,873.4494
scene_01058_388417_pano,panoramic,12,0.0901,-1.0630,-0.1506,0.1507,1,w5_proxy_319,0.2846,117.4076
scene_01058_388417_pano,panoramic,13,0.2901,-0.0193,0.5607,0.1507,1,w7_proxy_351,0.5577,1966.1238
scene_01058_388417_pano,panoramic,14,0.2901,-0.0193,0.6488,0.1507,1,w8_proxy_430,0.5079,3339.2456
scene_01058_388417_pano,panoramic,15,0.2901,-0.0993,1.0988,0.1507,1,w8_proxy_418,0.5187,2283.7244
scene_01058_388417_pano,panoramic,20,0.9726,0.8511,4.9760,0.6766,0,,0.0000,0.0000
scene_01058_388417_pano,panoramic,21,-4.6029,-0.0413,0.3390,0.8000,0,,0.0000,0.0000
scene_01058_388417_pano,panoramic,22,4.1941,0.9722,0.3601,0.5005,0,,0.0000,0.0000
scene_01058_388417_pano,panoramic,31,-0.8551,-0.6164,4.6265,1.2247,0,,0.0000,0.0000
scene_01058_388417_pano,panoramic,33,-0.5836,-0.8219,1.4519,0.2359,1,w4_proxy_284,0.4551,9.0514
scene_01058_388417_pano,panoramic,34,-1.3273,-0.6467,-1.8089,2.2189,1,w10_proxy_447,0.4718,33.9482
scene_01058_388417_pano,panoramic,35,-5.1801,-0.9714,-1.4301,1.5695,0,,0.0000,0.0000
scene_01058_388417_pano,panoramic,36,1.9901,-1.7203,0.3426,0.2590,1,w10_proxy_451,1.6757,91.0213
scene_01058_388417_pano,panoramic,38,0.5136,-0.8111,-0.1835,0.2494,1,w5_proxy_312,0.3608,185.1882
scene_01058_388417_pano,panoramic,39,1.2041,-1.5665,0.6338,0.3793,1,w10_proxy_474,1.1175,95.1013
scene_01058_388417_pano,panoramic,40,0.3460,-0.8048,0.3654,0.4543,1,w10_proxy_464,0.0828,92.1872
scene_01058_388417_pano,panoramic,41,0.4277,-0.7272,0.8307,0.3286,1,w8_proxy_391,0.1891,29.2518
scene_01058_388417_pano,panoramic,43,-0.3804,-0.0649,1.5418,0.7986,1,w4_proxy_294,0.5215,761.8155
scene_01058_388417_pano,panoramic,45,-4.3248,-0.8088,2.2253,1.8946,0,,0.0000,0.0000
scene_01058_388417_pano,panoramic,46,-3.2405,-0.7130,-3.8306,0.3895,0,,0.0000,0.0000
scene_01058_388417_pano,panoramic,48,-0.5091,0.1061,-2.5727,0.8493,1,w10_proxy_460,1.2133,166.8902
scene_01058_388417_pano,panoramic,49,1.2388,-1.2814,5.0850,2.2300,0,,0.0000,0.0000
scene_01058_388417_pano,panoramic,50,3.6888,-1.3848,-0.4092,2.0000,0,,0.0000,0.0000
scene_01058_388417_pano,panoramic,51,1.2251,-0.6561,1.1548,1.8000,1,w8_proxy_408,0.8784,15.0382
scene_01058_388417_pano,panoramic,58,4.7474,-0.1242,1.4116,0.3950,0,,0.0000,0.0000
scene_01058_388417_pano,panoramic,60,-0.3514,0.1389,-2.3768,0.6865,1,w10_proxy_450,1.0017,534.4496
scene_01058_388417_pano,panoramic,61,0.4354,-0.6752,1.2638,0.4810,1,w8_proxy_412,0.5722,14.5506
scene_01058_388417_pano,panoramic,62,0.0458,-0.7852,1.3026,0.4086,1,w4_proxy_300,0.2996,34.0887
scene_01058_388417_pano,panoramic,63,-1.6116,-1.2816,0.2688,0.9492,1,w3_proxy_210,0.4880,85.5521
scene_01058_388417_pano,panoramic,64,-1.6108,-1.2816,0.7172,0.9492,1,w3_proxy_259,0.5723,74.5943
scene_01058_388417_pano,panoramic,65,0.4763,-0.7757,-1.5639,0.2828,1,w7_proxy_358,0.7686,84.9921
scene_01058_388417_pano,panoramic,66,3.9811,-1.5591,4.1977,0.2680,0,,0.0000,0.0000
scene_01058_388417_pano,panoramic,67,-4.3757,0.0784,-0.3379,0.3244,0,,0.0000,0.0000
scene_01058_388417_pano,panoramic,68,1.8050,0.6389,-0.6897,0.6000,0,,0.0000,0.0000
scene_01058_388417_pano,panoramic,69,5.1182,0.6389,3.0307,0.5894,0,,0.0000,0.0000
scene_01058_388417_pano,panoramic,70,-0.8184,0.1623,3.1518,0.5000,1,w3_proxy_218,1.9701,328.4846
scene_01058_388417_pano,panoramic,71,-1.6669,-1.5075,1.1645,0.3100,1,w3_proxy_188,0.9462,45.1505
scene_01058_388417_pano,panoramic,72,-0.7406,0.0223,4.3035,0.3600,0,,0.0000,0.0000
scene_01058_388417_pano,panoramic,73,3.5541,-1.0772,-0.7456,0.5100,0,,0.0000,0.0000
scene_01058_388417_pano,panoramic,74,-3.2682,-0.3029,-3.9122,0.3387,0,,0.0000,0.0000
scene_01058_388417_pano,panoramic,77,2.5938,-0.1857,4.1234,1.6200,0,,0.0000,0.0000
scene_01058_388417_pano,panoramic,82,-4.3817,0.4460,1.2258,0.6348,0,,0.0000,0.0000
scene_01058_388417_pano,panoramic,83,5.2074,0.7217,1.4563,0.8934,0,,0.0000,0.0000
scene_01058_388417_pano,panoramic,84,-0.3097,0.6035,5.9064,0.8934,0,,0.0000,0.0000
scene_01058_388417_pano,panoramic,85,-3.1646,-0.6725,-3.8042,0.3457,0,,0.0000,0.0000
scene_01058_388417_pano,panoramic,86,3.9769,-0.4359,4.1711,0.6030,0,,0.0000,0.0000
scene_01058_388417_pano,panoramic,87,3.5857,-1.7254,0.4146,0.4213,0,,0.0000,0.0000
scene_01058_388417_pano,panoramic,88,4.1660,-1.0786,1.3555,1.3551,0,,0.0000,0.0000
scene_01058_388417_pano,panoramic,90,-4.2111,-1.2955,-3.8349,1.4000,0,,0.0000,0.0000
scene_01058_388417_pano,panoramic,129,-0.6492,-1.2536,1.2418,0.6163,1,w4_proxy_308,0.5042,88.4560
scene_01058_388417_pano,panoramic,132,-4.3521,0.1023,1.2402,0.4039,0,,0.0000,0.0000
scene_01058_388417_pano,panoramic,133,5.0032,-0.3402,1.3520,0.5916,0,,0.0000,0.0000
scene_01058_388417_pano,panoramic,134,-1.8238,-0.0487,-1.8499,0.7000,1,w2_proxy_98,1.3088,725.1459
scene_01058_388417_pano,panoramic,135,-3.9268,0.0925,-4.0049,0.7000,0,,0.0000,0.0000
scene_01058_388417_pano,panoramic,136,-1.5979,-0.5131,-1.0067,0.2640,1,w2_proxy_65,0.4666,1003.1279
scene_01058_388417_pano,panoramic,137,2.9335,-0.9092,0.3685,0.4100,0,,0.0000,0.0000
scene_01058_388417_pano,panoramic,138,5.0074,-1.3345,1.8563,0.2846,0,,0.0000,0.0000
scene_01058_388417_pano,panoramic,139,0.4233,0.0463,0.6026,0.8909,1,w5_proxy_337,0.6427,55.0752
scene_01058_388417_pano,panoramic,140,-4.4071,0.0618,-0.7408,0.2993,0,,0.0000,0.0000
scene_01058_388417_pano,panoramic,141,5.3613,-1.4192,2.1411,0.7126,0,,0.0000,0.0000
scene_01058_388417_pano,panoramic,144,0.3316,-0.8040,-2.0865,0.2673,1,w7_proxy_367,1.3277,10.3256
scene_01058_388417_pano,panoramic,145,4.1306,-0.0361,-0.8592,1.1000,0,,0.0000,0.0000
scene_01058_388417_pano,panoramic,146,3.7814,-0.0213,2.2552,0.9000,0,,0.0000,0.0000
scene_01058_388417_pano,panoramic,149,-0.6254,-0.7096,-3.8101,0.3031,0,,0.0000,0.0000
scene_01058_388417_pano,panoramic,150,0.0616,-0.1290,1.7924,1.6960,1,w4_proxy_270,0.9523,110.6067
scene_01058_388417_pano,panoramic,151,4.3162,-1.2389,-0.7257,0.6400,0,,0.0000,0.0000
scene_01058_388417_pano,panoramic,152,0.4008,-0.9104,0.6118,0.7685,1,w7_proxy_370,0.4553,20.3547
scene_01058_388417_pano,panoramic,155,-4.8029,-1.7536,-3.4702,2.5146,0,,0.0000,0.0000
scene_01058_388417_pano,panoramic,158,-3.0159,-0.6327,-1.1242,2.4042,1,w3_proxy_216,1.4339,81.8168
scene_01058_388417_pano,panoramic,159,4.9502,-0.8689,1.3151,0.4309,0,,0.0000,0.0000
scene_01058_388417_pano,panoramic,160,-0.7698,-1.2886,4.8693,0.3765,0,,0.0000,0.0000
scene_01058_388417_pano,panoramic,161,-1.4504,-0.7002,-3.8375,0.2837,0,,0.0000,0.0000
scene_01058_388417_pano,panoramic,162,1.6758,-0.7311,-0.0803,2.0500,1,w5_proxy_326,1.3254,84.1689
scene_01058_388417_pano,panoramic,163,1.8050,0.6354,0.8029,0.6018,1,w8_proxy_422,1.9204,1881.2454
scene_01058_388417_pano,panoramic,164,1.2629,-1.3571,0.3388,0.7981,1,w10_proxy_457,0.9994,96.4027
scene_01058_388417_pano,panoramic,165,-0.9332,-1.3746,4.1779,0.5987,0,,0.0000,0.0000
scene_01058_388417_pano,panoramic,166,-2.8239,-0.2750,-3.8857,0.2703,0,,0.0000,0.0000
scene_01058_388417_pano,panoramic,167,-0.9092,-1.2282,5.6297,0.5693,0,,0.0000,0.0000
scene_01058_388417_pano,panoramic,171,2.9791,-1.0933,0.4725,0.2380,0,,0.0000,0.0000
scene_01058_388417_pano,panoramic,172,4.3424,-1.7469,0.2115,1.0920,0,,0.0000,0.0000
scene_01058_388417_pano,panoramic,174,1.5028,-0.2561,-1.1242,1.2000,1,w7_proxy_386,0.9572,75.5625
scene_01058_388417_pano,panoramic,177,-4.4576,-1.7318,-3.7002,0.2290,0,,0.0000,0.0000
scene_01058_388417_pano,panoramic,178,5.5144,0.2123,1.3865,0.2808,0,,0.0000,0.0000
scene_01058_388417_pano,panoramic,179,-4.3404,0.0523,1.0097,0.2808,0,,0.0000,0.0000
scene_01058_388417_pano,panoramic,180,0.7908,-0.2061,-1.8167,1.2000,1,w7_proxy_380,1.1957,26.7031
scene_01058_388417_pano,panoramic,181,0.7908,-0.5181,-3.2732,2.4000,0,,0.0000,0.0000
scene_01058_388417_pano,panoramic,182,2.8888,-1.2809,-0.1071,0.5500,0,,0.0000,0.0000
scene_01058_388417_pano,panoramic,183,2.8888,-1.2870,-0.6571,0.5500,0,,0.0000,0.0000
scene_01058_388417_pano,panoramic,184,-1.6084,-1.1462,1.1956,0.3996,1,w3_proxy_134,0.6497,18.8700
scene_01058_388417_pano,panoramic,185,-1.5704,-0.6854,1.1966,0.3996,1,w3_proxy_192,0.4473,28.3561
scene_01058_388417_pano,panoramic,186,0.6488,0.0326,-1.7942,1.2000,1,w10_proxy_468,1.2715,380.6933
scene_01058_388417_pano,panoramic,188,5.0019,-1.2475,0.7200,1.0172,0,,0.0000,0.0000
scene_01058_388417_pano,panoramic,189,1.0084,-0.4236,0.5697,0.5007,1,w8_proxy_390,0.4997,50.9689
scene_01058_388417_pano,panoramic,191,-0.9081,-1.4229,3.4550,0.2799,0,,0.0000,0.0000
scene_01058_388417_pano,panoramic,192,2.7038,-0.0815,-0.3407,1.5765,0,,0.0000,0.0000
scene_01058_388417_pano,panoramic,193,5.1792,0.1465,1.4063,0.3445,0,,0.0000,0.0000
scene_01058_388417_pano,panoramic,194,3.9804,-1.1070,4.2237,0.3164,0,,0.0000,0.0000
scene_01058_388417_pano,panoramic,195,5.3926,-0.0644,1.3541,0.5245,0,,0.0000,0.0000
scene_01058_388417_pano,panoramic,196,0.7009,-1.1838,5.0902,0.4870,0,,0.0000,0.0000
scene_01058_388417_pano,panoramic,197,2.3369,-0.1385,5.0317,1.2228,0,,0.0000,0.0000
scene_01058_388417_pano,panoramic,198,-0.2345,-0.7658,1.4289,0.2906,1,w4_proxy_289,0.3970,8.2348
scene_01058_388417_pano,panoramic,200,-1.4145,-0.5214,1.5183,0.5100,1,w3_proxy_138,0.5121,104.7668
scene_01058_388417_pano,panoramic,201,-0.0751,0.0656,-3.8223,0.7593,0,,0.0000,0.0000
scene_01058_388417_pano,panoramic,202,3.9461,0.3368,4.1730,0.4174,0,,0.0000,0.0000
scene_01058_388417_pano,panoramic,203,-4.4049,0.4665,-0.5668,0.5168,0,,0.0000,0.0000
scene_01058_388417_pano,panoramic,204,3.6614,-1.1622,-0.1053,0.4271,0,,0.0000,0.0000
scene_01058_388417_pano,panoramic,205,5.5851,-1.2001,-0.0990,0.3386,0,,0.0000,0.0000
scene_01058_388417_pano,panoramic,206,0.0238,-0.6229,-3.8663,0.5526,0,,0.0000,0.0000
scene_01058_388417_pano,panoramic,207,2.2188,-0.2491,-0.8953,0.4800,1,w7_proxy_384,1.5418,75.8732
scene_01058_388417_pano,panoramic,208,-3.8279,-1.0522,2.8579,1.4079,0,,0.0000,0.0000
scene_01058_388417_pano,panoramic,209,5.4769,-0.8672,1.3921,0.2827,0,,0.0000,0.0000
scene_01058_388417_pano,panoramic,210,2.3895,-0.5192,1.1509,0.7671,1,w10_proxy_476,1.9852,70.3045
scene_01058_388417_pano,panoramic,211,4.4060,-0.4729,3.7144,0.7671,0,,0.0000,0.0000
scene_01058_388417_pano,panoramic,212,-2.9594,-1.3321,4.6635,1.2409,0,,0.0000,0.0000
scene_01058_388417_pano,panoramic,217,4.3888,-0.6644,2.2606,2.1834,0,,0.0000,0.0000
scene_01058_388417_pano,panoramic,218,-1.4064,0.2344,0.7596,0.8189,1,w3_proxy_148,0.1444,536.7796
scene_01058_388417_pano,panoramic,240,2.1800,-1.2810,3.9643,0.9504,0,,0.0000,0.0000
scene_01058_388417_pano,panoramic,242,0.3099,-1.3261,-3.6926,0.8600,0,,0.0000,0.0000
scene_01058_388417_pano,panoramic,243,2.9171,-1.5633,0.4017,0.2287,0,,0.0000,0.0000
scene_01058_388417_pano,panoramic,244,-3.4574,-1.0281,0.3005,1.6000,1,w3_proxy_174,1.9192,89.6701
scene_01058_388417_pano,panoramic,247,2.0588,-0.7561,1.6698,2.0000,1,w8_proxy_403,1.8638,67.2334
scene_01058_388417_pano,panoramic,248,3.8530,-0.7561,3.3469,2.0000,0,,0.0000,0.0000
scene_01058_388417_pano,panoramic,249,3.0857,-0.7561,2.8145,2.0000,0,,0.0000,0.0000
scene_01058_388417_pano,panoramic,250,3.1561,-0.7561,1.6698,2.0000,0,,0.0000,0.0000
scene_01058_388417_pano,panoramic,251,0.0956,-0.7561,2.8128,2.0000,1,w4_proxy_291,1.8404,34.9325
scene_01058_388417_pano,panoramic,252,-1.7542,-0.7561,-2.9456,2.0000,1,w10_proxy_471,1.6378,5.6355
scene_01058_388417_pano,panoramic,253,-3.1022,1.0397,-2.5032,0.2177,0,,0.0000,0.0000
scene_01058_388417_pano,panoramic,254,-4.7893,1.0397,-2.5032,0.2177,0,,0.0000,0.0000
scene_01058_388417_pano,panoramic,255,-3.0208,-1.3463,3.2711,0.9219,0,,0.0000,0.0000
scene_01058_388417_pano,panoramic,256,0.4850,-0.7015,-3.9462,0.3124,0,,0.0000,0.0000
scene_01058_388417_pano,panoramic,257,0.4008,-0.9875,-1.5446,0.7773,1,w7_proxy_361,0.7984,89.0866
scene_01058_388417_pano,panoramic,258,-3.7899,-1.1032,-3.8902,0.4509,0,,0.0000,0.0000
scene_01058_388417_pano,panoramic,259,-0.1606,-1.2251,-3.6351,0.4860,0,,0.0000,0.0000
scene_01058_388417_pano,panoramic,260,-4.4265,-0.7289,-0.7190,0.3484,0,,0.0000,0.0000
scene_01058_388417_pano,panoramic,261,0.2970,-1.7358,4.4480,1.4583,0,,0.0000,0.0000
scene_01058_388417_pano,panoramic,263,5.8150,-0.1104,1.0548,1.8800,0,,0.0000,0.0000
scene_01058_388417_pano,panoramic,264,5.8083,0.1186,0.0679,1.3700,0,,0.0000,0.0000
scene_01058_388417_pano,panoramic,265,1.1780,-0.3389,-0.5538,1.5168,1,w7_proxy_348,0.9265,55.5433
scene_01058_388417_pano,panoramic,266,-1.0379,-0.7714,1.3534,0.2795,1,w3_proxy_253,0.2503,39.5875
scene_01058_388417_pano,panoramic,317,-3.0697,-1.3145,0.7234,0.8833,1,w3_proxy_219,1.7505,81.6138
scene_01058_388417_pano,panoramic,318,-3.0777,-1.3145,-0.1177,0.8833,1,w3_proxy_135,1.5484,70.2115
scene_01058_388417_pano,panoramic,319,-3.4589,-1.3145,-0.6247,0.8833,1,w3_proxy_162,1.9153,76.8362
scene_01058_388417_pano,panoramic,320,-3.8451,-1.3145,0.7366,0.8833,0,,0.0000,0.0000
scene_01058_388417_pano,panoramic,321,-3.8656,-1.3145,-0.1203,0.8833,0,,0.0000,0.0000
scene_01058_388417_pano,panoramic,322,-3.4667,-1.3145,1.2304,0.8833,0,,0.0000,0.0000
scene_01058_388417_pano,panoramic,323,-5.1415,0.0529,-1.2542,1.5000,0,,0.0000,0.0000
scene_01058_388417_pano,panoramic,325,-0.7563,-0.0391,4.9445,0.2217,0,,0.0000,0.0000
scene_01058_388417_pano,panoramic,326,-4.3839,-1.2552,2.9597,1.0020,0,,0.0000,0.0000
scene_01058_397933_pano,panoramic,1,-3.1697,0.6467,-3.2471,0.8733,0,,0.0000,0.0000
scene_01058_397933_pano,panoramic,20,0.4131,0.8511,-2.4041,0.6766,0,,0.0000,0.0000
scene_01058_397933_pano,panoramic,31,-1.4146,-0.6164,-2.7537,1.2247,0,,0.0000,0.0000
scene_01058_397933_pano,panoramic,32,-5.1705,-0.0855,-2.6827,2.5581,0,,0.0000,0.0000
scene_01058_397933_pano,panoramic,37,-4.7088,0.6221,-1.0284,0.8501,0,,0.0000,0.0000
scene_01058_397933_pano,panoramic,42,-0.9546,-0.1230,-0.0748,0.7986,1,w3_proxy_88,1.3882,7.6561
scene_01058_397933_pano,panoramic,43,-0.9398,-0.0649,-5.8384,0.7986,0,,0.0000,0.0000
scene_01058_397933_pano,panoramic,44,-1.6336,-0.8088,-0.0982,1.8946,1,w3_proxy_51,1.4383,83.2544
scene_01058_397933_pano,panoramic,49,0.6794,-1.2814,-2.2952,2.2300,0,,0.0000,0.0000
scene_01058_397933_pano,panoramic,66,3.4216,-1.5591,-3.1824,0.2680,0,,0.0000,0.0000
scene_01058_397933_pano,panoramic,70,-1.3778,0.1623,-4.2283,0.5000,0,,0.0000,0.0000
scene_01058_397933_pano,panoramic,72,-1.3000,0.0223,-3.0767,0.3600,0,,0.0000,0.0000
scene_01058_397933_pano,panoramic,75,-1.3984,0.0084,-0.0567,0.7877,1,w3_proxy_41,1.5930,12.9390
scene_01058_397933_pano,panoramic,76,1.4833,-1.2520,-0.0986,1.2044,1,w2_proxy_14,0.5723,95.5620
scene_01058_397933_pano,panoramic,77,2.0344,-0.1857,-3.2568,1.6200,0,,0.0000,0.0000
scene_01058_397933_pano,panoramic,79,0.0859,-0.5061,0.4336,2.5000,1,w3_proxy_34,0.5006,47.0420
scene_01058_397933_pano,panoramic,81,3.3907,-0.3811,0.4336,2.7500,0,,0.0000,0.0000
scene_01058_397933_pano,panoramic,84,-0.8691,0.6035,-1.4738,0.8934,0,,0.0000,0.0000
scene_01058_397933_pano,panoramic,86,3.4175,-0.4359,-3.2090,0.6030,0,,0.0000,0.0000
scene_01058_397933_pano,panoramic,89,2.3367,-1.0786,0.0958,1.3551,1,w2_proxy_30,1.1764,87.7828
scene_01058_397933_pano,panoramic,130,2.0465,-0.5680,-1.1797,1.0719,1,w2_proxy_13,1.3725,16.3939
scene_01058_397933_pano,panoramic,142,5.1055,-1.5236,-1.2057,0.4650,0,,0.0000,0.0000
scene_01058_397933_pano,panoramic,143,0.9865,-1.3441,-0.1534,0.8241,1,w3_proxy_44,1.2307,85.6910
scene_01058_397933_pano,panoramic,150,-0.4978,-0.1290,-5.5878,1.6960,0,,0.0000,0.0000
scene_01058_397933_pano,panoramic,153,4.2553,-1.3350,-0.5021,2.1161,0,,0.0000,0.0000
scene_01058_397933_pano,panoramic,154,4.2553,-1.3350,-1.9021,2.1161,0,,0.0000,0.0000
scene_01058_397933_pano,panoramic,156,-0.0439,-0.6561,-0.8094,2.2000,1,w3_proxy_76,1.7393,98.7354
scene_01058_397933_pano,panoramic,160,-1.3292,-1.2886,-2.5109,0.3765,0,,0.0000,0.0000
scene_01058_397933_pano,panoramic,165,-1.4926,-1.3746,-3.2023,0.5987,0,,0.0000,0.0000
scene_01058_397933_pano,panoramic,167,-1.4687,-1.2282,-1.7505,0.5693,0,,0.0000,0.0000
scene_01058_397933_pano,panoramic,168,3.3044,-0.5561,0.6186,2.5600,0,,0.0000,0.0000
scene_01058_397933_pano,panoramic,169,-0.0300,-0.5561,0.6186,2.4000,1,w3_proxy_53,0.3594,72.1356
scene_01058_397933_pano,panoramic,173,3.2780,-1.7469,-1.3002,1.8161,0,,0.0000,0.0000
scene_01058_397933_pano,panoramic,187,-1.5364,-0.8429,-1.2708,1.8265,0,,0.0000,0.0000
scene_01058_397933_pano,panoramic,190,3.6689,0.6400,-1.3014,0.9418,0,,0.0000,0.0000
scene_01058_397933_pano,panoramic,191,-1.4675,-1.4229,-3.9252,0.2799,0,,0.0000,0.0000
scene_01058_397933_pano,panoramic,194,3.4209,-1.1070,-3.1564,0.3164,0,,0.0000,0.0000
scene_01058_397933_pano,panoramic,196,0.1415,-1.1838,-2.2899,0.4870,0,,0.0000,0.0000
scene_01058_397933_pano,panoramic,197,1.7775,-0.1385,-2.3485,1.2228,0,,0.0000,0.0000
scene_01058_397933_pano,panoramic,202,3.3867,0.3368,-3.2072,0.4174,0,,0.0000,0.0000
scene_01058_397933_pano,panoramic,211,3.8466,-0.4729,-3.6658,0.7671,0,,0.0000,0.0000
scene_01058_397933_pano,panoramic,212,-3.5188,-1.3321,-2.7166,1.2409,0,,0.0000,0.0000
scene_01058_397933_pano,panoramic,213,5.0643,-1.3012,0.2536,0.9099,0,,0.0000,0.0000
scene_01058_397933_pano,panoramic,214,5.0868,-1.3012,-2.6524,0.9099,0,,0.0000,0.0000
scene_01058_397933_pano,panoramic,216,-3.3045,-1.3511,-0.2702,2.0352,0,,0.0000,0.0000
scene_01058_397933_pano,panoramic,225,2.1621,-0.9419,-1.2255,1.4589,1,w2_proxy_26,1.5167,76.4242
scene_01058_397933_pano,panoramic,240,1.6205,-1.2810,-3.4159,0.9504,0,,0.0000,0.0000
scene_01058_397933_pano,panoramic,241,1.6205,-1.2810,-1.1423,0.9504,1,w2_proxy_24,1.1714,85.4674
scene_01058_397933_pano,panoramic,245,1.6512,-0.0305,-0.0954,1.2172,1,w2_proxy_25,0.4539,148.7282
scene_01058_397933_pano,panoramic,247,1.4994,-0.7561,-5.7104,2.0000,0,,0.0000,0.0000
scene_01058_397933_pano,panoramic,248,3.2935,-0.7561,-4.0333,2.0000,0,,0.0000,0.0000
scene_01058_397933_pano,panoramic,249,2.5262,-0.7561,-4.5657,2.0000,0,,0.0000,0.0000
scene_01058_397933_pano,panoramic,251,-0.4639,-0.7561,-4.5674,2.0000,0,,0.0000,0.0000
scene_01058_397933_pano,panoramic,255,-3.5802,-1.3463,-4.1091,0.9219,0,,0.0000,0.0000
scene_01058_397933_pano,panoramic,261,-0.2625,-1.7358,-2.9322,1.4583,0,,0.0000,0.0000
scene_01058_397933_pano,panoramic,262,-3.2415,0.6135,-0.1659,0.3262,0,,0.0000,0.0000
scene_01058_397933_pano,panoramic,325,-1.3158,-0.0391,-2.4357,0.2217,0,,0.0000,0.0000
scene_01058_392261_pano,panoramic,13,-4.3589,-0.0193,-3.9748,0.1507,0,,0.0000,0.0000
scene_01058_392261_pano,panoramic,14,-4.3589,-0.0193,-3.8866,0.1507,0,,0.0000,0.0000
scene_01058_392261_pano,panoramic,15,-4.3589,-0.0993,-3.4366,0.1507,0,,0.0000,0.0000
scene_01058_392261_pano,panoramic,20,-3.6765,0.8511,0.4406,0.6766,0,,0.0000,0.0000
scene_01058_392261_pano,panoramic,22,-0.4549,0.9722,-4.1753,0.5005,0,,0.0000,0.0000
scene_01058_392261_pano,panoramic,31,-5.5041,-0.6164,0.0911,1.2247,0,,0.0000,0.0000
scene_01058_392261_pano,panoramic,36,-2.6589,-1.7203,-4.1929,0.2590,0,,0.0000,0.0000
scene_01058_392261_pano,panoramic,39,-3.4449,-1.5665,-3.9016,0.3793,0,,0.0000,0.0000
scene_01058_392261_pano,panoramic,40,-4.3030,-0.8048,-4.1701,0.4543,0,,0.0000,0.0000
scene_01058_392261_pano,panoramic,41,-4.2213,-0.7272,-3.7048,0.3286,0,,0.0000,0.0000
scene_01058_392261_pano,panoramic,42,-5.0442,-0.1230,2.7699,0.7986,0,,0.0000,0.0000
scene_01058_392261_pano,panoramic,43,-5.0294,-0.0649,-2.9937,0.7986,0,,0.0000,0.0000
scene_01058_392261_pano,panoramic,49,-3.4102,-1.2814,0.5495,2.2300,0,,0.0000,0.0000
scene_01058_392261_pano,panoramic,50,-0.9602,-1.3848,-4.9447,2.0000,0,,0.0000,0.0000
scene_01058_392261_pano,panoramic,51,-3.4239,-0.6561,-3.3807,1.8000,0,,0.0000,0.0000
scene_01058_392261_pano,panoramic,52,0.8238,-0.6561,-1.0267,1.8000,0,,0.0000,0.0000
scene_01058_392261_pano,panoramic,58,0.0983,-0.1242,-3.1238,0.3950,0,,0.0000,0.0000
scene_01058_392261_pano,panoramic,61,-4.2136,-0.6752,-3.2716,0.4810,0,,0.0000,0.0000
scene_01058_392261_pano,panoramic,62,-4.6033,-0.7852,-3.2328,0.4086,0,,0.0000,0.0000
scene_01058_392261_pano,panoramic,66,-0.6679,-1.5591,-0.3377,0.2680,0,,0.0000,0.0000
scene_01058_392261_pano,panoramic,68,-2.8440,0.6389,-5.2252,0.6000,0,,0.0000,0.0000
scene_01058_392261_pano,panoramic,69,0.4691,0.6389,-1.5048,0.5894,1,w3_proxy_99,1.9419,3042.5449
scene_01058_392261_pano,panoramic,70,-5.4674,0.1623,-1.3836,0.5000,0,,0.0000,0.0000
scene_01058_392261_pano,panoramic,72,-5.3896,0.0223,-0.2320,0.3600,0,,0.0000,0.0000
scene_01058_392261_pano,panoramic,73,-1.0949,-1.0772,-5.2810,0.5100,0,,0.0000,0.0000
scene_01058_392261_pano,panoramic,76,-2.6063,-1.2520,2.7461,1.2044,0,,0.0000,0.0000
scene_01058_392261_pano,panoramic,77,-2.0552,-0.1857,-0.4121,1.6200,0,,0.0000,0.0000
scene_01058_392261_pano,panoramic,79,-4.0037,-0.5061,3.2783,2.5000,0,,0.0000,0.0000
scene_01058_392261_pano,panoramic,81,-0.6989,-0.3811,3.2783,2.7500,1,w2_proxy_55,1.9587,33.2744
scene_01058_392261_pano,panoramic,83,0.5584,0.7217,-3.0791,0.8934,0,,0.0000,0.0000
scene_01058_392261_pano,panoramic,84,-4.9587,0.6035,1.3710,0.8934,0,,0.0000,0.0000
scene_01058_392261_pano,panoramic,86,-0.6721,-0.4359,-0.3643,0.6030,1,w3_proxy_68,1.6277,116.2641
scene_01058_392261_pano,panoramic,87,-1.0633,-1.7254,-4.1208,0.4213,0,,0.0000,0.0000
scene_01058_392261_pano,panoramic,88,-0.4830,-1.0786,-3.1800,1.3551,0,,0.0000,0.0000
scene_01058_392261_pano,panoramic,89,-1.7529,-1.0786,2.9405,1.3551,0,,0.0000,0.0000
scene_01058_392261_pano,panoramic,130,-2.0431,-0.5680,1.6651,1.0719,1,w2_proxy_63,1.1579,137.2444
scene_01058_392261_pano,panoramic,133,0.3542,-0.3402,-3.1835,0.5916,0,,0.0000,0.0000
scene_01058_392261_pano,panoramic,137,-1.7155,-0.9092,-4.1670,0.4100,0,,0.0000,0.0000
scene_01058_392261_pano,panoramic,138,0.3583,-1.3345,-2.6791,0.2846,0,,0.0000,0.0000
scene_01058_392261_pano,panoramic,139,-4.2257,0.0463,-3.9328,0.8909,0,,0.0000,0.0000
scene_01058_392261_pano,panoramic,141,0.7123,-1.4192,-2.3944,0.7126,1,w1_proxy_22,1.7263,76.6718
scene_01058_392261_pano,panoramic,142,1.0160,-1.5236,1.6391,0.4650,1,w2_proxy_54,0.7505,70.5912
scene_01058_392261_pano,panoramic,143,-3.1031,-1.3441,2.6913,0.8241,0,,0.0000,0.0000
scene_01058_392261_pano,panoramic,145,-0.5185,-0.0361,-5.3947,1.1000,0,,0.0000,0.0000
scene_01058_392261_pano,panoramic,146,-0.8676,-0.0213,-2.2802,0.9000,0,,0.0000,0.0000
scene_01058_392261_pano,panoramic,147,1.3388,-0.5561,-3.9597,2.4000,0,,0.0000,0.0000
scene_01058_392261_pano,panoramic,150,-4.5874,-0.1290,-2.7430,1.6960,0,,0.0000,0.0000
scene_01058_392261_pano,panoramic,151,-0.3328,-1.2389,-5.2612,0.6400,0,,0.0000,0.0000
scene_01058_392261_pano,panoramic,152,-4.2482,-0.9104,-3.9237,0.7685,0,,0.0000,0.0000
scene_01058_392261_pano,panoramic,153,0.1658,-1.3350,2.3427,2.1161,1,w2_proxy_57,0.8523,79.3300
scene_01058_392261_pano,panoramic,154,0.1658,-1.3350,0.9427,2.1161,1,w2_proxy_60,0.9459,82.0230
scene_01058_392261_pano,panoramic,156,-4.1335,-0.6561,2.0353,2.2000,0,,0.0000,0.0000
scene_01058_392261_pano,panoramic,159,0.3012,-0.8689,-3.2203,0.4309,0,,0.0000,0.0000
scene_01058_392261_pano,panoramic,160,-5.4188,-1.2886,0.3339,0.3765,0,,0.0000,0.0000
scene_01058_392261_pano,panoramic,162,-2.9732,-0.7311,-4.6158,2.0500,0,,0.0000,0.0000
scene_01058_392261_pano,panoramic,163,-2.8440,0.6354,-3.7325,0.6018,0,,0.0000,0.0000
scene_01058_392261_pano,panoramic,164,-3.3862,-1.3571,-4.1966,0.7981,0,,0.0000,0.0000
scene_01058_392261_pano,panoramic,165,-5.5822,-1.3746,-0.3575,0.5987,0,,0.0000,0.0000
scene_01058_392261_pano,panoramic,167,-5.5582,-1.2282,1.0943,0.5693,0,,0.0000,0.0000
scene_01058_392261_pano,panoramic,168,-0.7852,-0.5561,3.4633,2.5600,0,,0.0000,0.0000
scene_01058_392261_pano,panoramic,169,-4.1195,-0.5561,3.4633,2.4000,0,,0.0000,0.0000
scene_01058_392261_pano,panoramic,171,-1.6699,-1.0933,-4.0629,0.2380,0,,0.0000,0.0000
scene_01058_392261_pano,panoramic,172,-0.3066,-1.7469,-4.3240,1.0920,0,,0.0000,0.0000
scene_01058_392261_pano,panoramic,173,-0.8116,-1.7469,1.5445,1.8161,1,w2_proxy_43,1.1980,51.9147
scene_01058_392261_pano,panoramic,175,1.3388,-0.2561,-1.7947,1.2000,0,,0.0000,0.0000
scene_01058_392261_pano,panoramic,178,0.8654,0.2123,-3.1489,0.2808,0,,0.0000,0.0000
scene_01058_392261_pano,panoramic,182,-1.7602,-1.2809,-4.6426,0.5500,0,,0.0000,0.0000
scene_01058_392261_pano,panoramic,183,-1.7602,-1.2870,-5.1926,0.5500,0,,0.0000,0.0000
scene_01058_392261_pano,panoramic,187,-5.6260,-0.8429,1.5739,1.8265,0,,0.0000,0.0000
scene_01058_392261_pano,panoramic,188,0.3529,-1.2475,-3.8154,1.0172,0,,0.0000,0.0000
scene_01058_392261_pano,panoramic,189,-3.6406,-0.4236,-3.9658,0.5007,0,,0.0000,0.0000
scene_01058_392261_pano,panoramic,190,-0.4207,0.6400,1.5433,0.9418,1,w2_proxy_59,0.9104,86.5834
scene_01058_392261_pano,panoramic,191,-5.5571,-1.4229,-1.0804,0.2799,0,,0.0000,0.0000
scene_01058_392261_pano,panoramic,192,-1.9452,-0.0815,-4.8761,1.5765,0,,0.0000,0.0000
scene_01058_392261_pano,panoramic,193,0.5302,0.1465,-3.1292,0.3445,0,,0.0000,0.0000
scene_01058_392261_pano,panoramic,194,-0.6686,-1.1070,-0.3117,0.3164,1,w3_proxy_80,1.5539,31.1935
scene_01058_392261_pano,panoramic,195,0.7436,-0.0644,-3.1813,0.5245,0,,0.0000,0.0000
scene_01058_392261_pano,panoramic,196,-3.9481,-1.1838,0.5548,0.4870,0,,0.0000,0.0000
scene_01058_392261_pano,panoramic,197,-2.3121,-0.1385,0.4962,1.2228,1,w1_proxy_19,1.9761,277.5150
scene_01058_392261_pano,panoramic,198,-4.8835,-0.7658,-3.1065,0.2906,0,,0.0000,0.0000
scene_01058_392261_pano,panoramic,202,-0.7029,0.3368,-0.3624,0.4174,0,,0.0000,0.0000
scene_01058_392261_pano,panoramic,204,-0.9876,-1.1622,-4.6407,0.4271,0,,0.0000,0.0000
scene_01058_392261_pano,panoramic,205,0.9361,-1.2001,-4.6345,0.3386,0,,0.0000,0.0000
scene_01058_392261_pano,panoramic,207,-2.4302,-0.2491,-5.4308,0.4800,0,,0.0000,0.0000
scene_01058_392261_pano,panoramic,209,0.8278,-0.8672,-3.1433,0.2827,0,,0.0000,0.0000
scene_01058_392261_pano,panoramic,210,-2.2596,-0.5192,-3.3845,0.7671,0,,0.0000,0.0000
scene_01058_392261_pano,panoramic,211,-0.2430,-0.4729,-0.8211,0.7671,1,w3_proxy_97,1.5437,115.8477
scene_01058_392261_pano,panoramic,213,0.9748,-1.3012,3.0983,0.9099,1,w2_proxy_42,1.5103,18.6833
scene_01058_392261_pano,panoramic,214,0.9973,-1.3012,0.1923,0.9099,1,w2_proxy_37,1.6893,49.2744
scene_01058_392261_pano,panoramic,217,-0.2602,-0.6644,-2.2749,2.1834,0,,0.0000,0.0000
scene_01058_392261_pano,panoramic,225,-1.9275,-0.9419,1.6192,1.4589,1,w2_proxy_45,1.0464,75.3044
scene_01058_392261_pano,panoramic,240,-2.4690,-1.2810,-0.5711,0.9504,0,,0.0000,0.0000
scene_01058_392261_pano,panoramic,241,-2.4690,-1.2810,1.7024,0.9504,1,w2_proxy_39,1.6378,78.3285
scene_01058_392261_pano,panoramic,243,-1.7319,-1.5633,-4.1338,0.2287,0,,0.0000,0.0000
scene_01058_392261_pano,panoramic,245,-2.4384,-0.0305,2.7493,1.2172,0,,0.0000,0.0000
scene_01058_392261_pano,panoramic,247,-2.5902,-0.7561,-2.8657,2.0000,0,,0.0000,0.0000
scene_01058_392261_pano,panoramic,248,-0.7960,-0.7561,-1.1886,2.0000,0,,0.0000,0.0000
scene_01058_392261_pano,panoramic,249,-1.5633,-0.7561,-1.7209,2.0000,0,,0.0000,0.0000
scene_01058_392261_pano,panoramic,250,-1.4930,-0.7561,-2.8657,2.0000,0,,0.0000,0.0000
scene_01058_392261_pano,panoramic,251,-4.5534,-0.7561,-1.7227,2.0000,0,,0.0000,0.0000
scene_01058_392261_pano,panoramic,261,-4.3520,-1.7358,-0.0874,1.4583,0,,0.0000,0.0000
scene_01058_392261_pano,panoramic,263,1.1660,-0.1104,-3.4807,1.8800,0,,0.0000,0.0000
scene_01058_392261_pano,panoramic,264,1.1593,0.1186,-4.4675,1.3700,0,,0.0000,0.0000
scene_01058_392261_pano,panoramic,325,-5.4054,-0.0391,0.4091,0.2217,0,,0.0000,0.0000
scene_01058_395108_pano,panoramic,2,-4.8051,-1.4811,-2.4330,0.1507,0,,0.0000,0.0000
scene_01058_395108_pano,panoramic,3,-4.8051,-1.1311,-2.4330,0.1507,0,,0.0000,0.0000
scene_01058_395108_pano,panoramic,4,-5.2002,-1.0630,-2.0737,0.1507,0,,0.0000,0.0000
scene_01058_395108_pano,panoramic,7,-4.6051,-0.0993,-2.9340,0.1507,0,,0.0000,0.0000
scene_01058_395108_pano,panoramic,12,-4.8051,-1.0630,-3.1953,0.1507,0,,0.0000,0.0000
scene_01058_395108_pano,panoramic,13,-4.6051,-0.0193,-2.4841,0.1507,0,,0.0000,0.0000
scene_01058_395108_pano,panoramic,14,-4.6051,-0.0193,-2.3959,0.1507,0,,0.0000,0.0000
scene_01058_395108_pano,panoramic,15,-4.6051,-0.0993,-1.9459,0.1507,0,,0.0000,0.0000
scene_01058_395108_pano,panoramic,20,-3.9226,0.8511,1.9313,0.6766,0,,0.0000,0.0000
scene_01058_395108_pano,panoramic,22,-0.7011,0.9722,-2.6846,0.5005,0,,0.0000,0.0000
scene_01058_395108_pano,panoramic,31,-5.7503,-0.6164,1.5818,1.2247,0,,0.0000,0.0000
scene_01058_395108_pano,panoramic,33,-5.4788,-0.8219,-1.5928,0.2359,0,,0.0000,0.0000
scene_01058_395108_pano,panoramic,36,-2.9051,-1.7203,-2.7022,0.2590,0,,0.0000,0.0000
scene_01058_395108_pano,panoramic,38,-4.3815,-0.8111,-3.2282,0.2494,0,,0.0000,0.0000
scene_01058_395108_pano,panoramic,39,-3.6910,-1.5665,-2.4109,0.3793,0,,0.0000,0.0000
scene_01058_395108_pano,panoramic,40,-4.5492,-0.8048,-2.6794,0.4543,0,,0.0000,0.0000
scene_01058_395108_pano,panoramic,41,-4.4675,-0.7272,-2.2141,0.3286,0,,0.0000,0.0000
scene_01058_395108_pano,panoramic,43,-5.2755,-0.0649,-1.5030,0.7986,0,,0.0000,0.0000
scene_01058_395108_pano,panoramic,49,-3.6563,-1.2814,2.0402,2.2300,0,,0.0000,0.0000
scene_01058_395108_pano,panoramic,50,-1.2063,-1.3848,-3.4540,2.0000,0,,0.0000,0.0000
scene_01058_395108_pano,panoramic,51,-3.6701,-0.6561,-1.8900,1.8000,0,,0.0000,0.0000
scene_01058_395108_pano,panoramic,52,0.5777,-0.6561,0.4640,1.8000,1,w2_proxy_40,0.4822,64.9777
scene_01058_395108_pano,panoramic,58,-0.1478,-0.1242,-1.6331,0.3950,1,w3_proxy_50,1.6139,3.7149
scene_01058_395108_pano,panoramic,61,-4.4598,-0.6752,-1.7809,0.4810,0,,0.0000,0.0000
scene_01058_395108_pano,panoramic,62,-4.8494,-0.7852,-1.7421,0.4086,0,,0.0000,0.0000
scene_01058_395108_pano,panoramic,66,-0.9141,-1.5591,1.1530,0.2680,1,w0_proxy_15,1.4424,64.6496
scene_01058_395108_pano,panoramic,68,-3.0902,0.6389,-3.7345,0.6000,0,,0.0000,0.0000
scene_01058_395108_pano,panoramic,69,0.2230,0.6389,-0.0141,0.5894,1,w2_proxy_41,1.0297,718.9789
scene_01058_395108_pano,panoramic,70,-5.7135,0.1623,0.1071,0.5000,0,,0.0000,0.0000
scene_01058_395108_pano,panoramic,72,-5.6357,0.0223,1.2587,0.3600,0,,0.0000,0.0000
scene_01058_395108_pano,panoramic,73,-1.3410,-1.0772,-3.7903,0.5100,0,,0.0000,0.0000
scene_01058_395108_pano,panoramic,76,-2.8524,-1.2520,4.2368,1.2044,0,,0.0000,0.0000
scene_01058_395108_pano,panoramic,77,-2.3013,-0.1857,1.0786,1.6200,1,w3_proxy_57,1.8606,72.9923
scene_01058_395108_pano,panoramic,81,-0.9450,-0.3811,4.7690,2.7500,0,,0.0000,0.0000
scene_01058_395108_pano,panoramic,83,0.3122,0.7217,-1.5885,0.8934,1,w1_proxy_35,1.8814,43.3146
scene_01058_395108_pano,panoramic,84,-5.2048,0.6035,2.8617,0.8934,0,,0.0000,0.0000
scene_01058_395108_pano,panoramic,86,-0.9182,-0.4359,1.1264,0.6030,1,w0_proxy_3,1.1464,57.7094
scene_01058_395108_pano,panoramic,87,-1.3094,-1.7254,-2.6301,0.4213,0,,0.0000,0.0000
scene_01058_395108_pano,panoramic,88,-0.7291,-1.0786,-1.6893,1.3551,1,w0_proxy_14,1.6525,91.4069
scene_01058_395108_pano,panoramic,89,-1.9990,-1.0786,4.4312,1.3551,0,,0.0000,0.0000
scene_01058_395108_pano,panoramic,129,-5.5443,-1.2536,-1.8030,0.6163,0,,0.0000,0.0000
scene_01058_395108_pano,panoramic,130,-2.2892,-0.5680,3.1558,1.0719,0,,0.0000,0.0000
scene_01058_395108_pano,panoramic,133,0.1080,-0.3402,-1.6928,0.5916,1,w0_proxy_11,1.2103,19.4260
scene_01058_395108_pano,panoramic,137,-1.9616,-0.9092,-2.6763,0.4100,0,,0.0000,0.0000
scene_01058_395108_pano,panoramic,138,0.1122,-1.3345,-1.1884,0.2846,1,w1_proxy_32,1.1351,71.7279
scene_01058_395108_pano,panoramic,139,-4.4718,0.0463,-2.4421,0.8909,0,,0.0000,0.0000
scene_01058_395108_pano,panoramic,141,0.4662,-1.4192,-0.9037,0.7126,1,w1_proxy_36,0.9329,95.2158
scene_01058_395108_pano,panoramic,142,0.7698,-1.5236,3.1298,0.4650,0,,0.0000,0.0000
scene_01058_395108_pano,panoramic,143,-3.3492,-1.3441,4.1820,0.8241,0,,0.0000,0.0000
scene_01058_395108_pano,panoramic,145,-0.7646,-0.0361,-3.9040,1.1000,0,,0.0000,0.0000
scene_01058_395108_pano,panoramic,146,-1.1138,-0.0213,-0.7895,0.9000,1,w3_proxy_47,0.9044,432.7506
scene_01058_395108_pano,panoramic,147,1.0927,-0.5561,-2.4690,2.4000,0,,0.0000,0.0000
scene_01058_395108_pano,panoramic,150,-4.8335,-0.1290,-1.2523,1.6960,0,,0.0000,0.0000
scene_01058_395108_pano,panoramic,151,-0.5789,-1.2389,-3.7705,0.6400,0,,0.0000,0.0000
scene_01058_395108_pano,panoramic,152,-4.4943,-0.9104,-2.4330,0.7685,0,,0.0000,0.0000
scene_01058_395108_pano,panoramic,153,-0.0804,-1.3350,3.8334,2.1161,0,,0.0000,0.0000
scene_01058_395108_pano,panoramic,154,-0.0804,-1.3350,2.4334,2.1161,0,,0.0000,0.0000
scene_01058_395108_pano,panoramic,156,-4.3796,-0.6561,3.5260,2.2000,0,,0.0000,0.0000
scene_01058_395108_pano,panoramic,159,0.0551,-0.8689,-1.7296,0.4309,1,w2_proxy_43,0.8775,57.8772
scene_01058_395108_pano,panoramic,160,-5.6649,-1.2886,1.8246,0.3765,0,,0.0000,0.0000
scene_01058_395108_pano,panoramic,162,-3.2193,-0.7311,-3.1251,2.0500,0,,0.0000,0.0000
scene_01058_395108_pano,panoramic,163,-3.0902,0.6354,-2.2418,0.6018,0,,0.0000,0.0000
scene_01058_395108_pano,panoramic,164,-3.6323,-1.3571,-2.7059,0.7981,0,,0.0000,0.0000
scene_01058_395108_pano,panoramic,165,-5.8283,-1.3746,1.1332,0.5987,0,,0.0000,0.0000
scene_01058_395108_pano,panoramic,168,-1.0313,-0.5561,4.9540,2.5600,0,,0.0000,0.0000
scene_01058_395108_pano,panoramic,171,-1.9160,-1.0933,-2.5722,0.2380,0,,0.0000,0.0000
scene_01058_395108_pano,panoramic,172,-0.5528,-1.7469,-2.8333,1.0920,0,,0.0000,0.0000
scene_01058_395108_pano,panoramic,173,-1.0577,-1.7469,3.0352,1.8161,0,,0.0000,0.0000
scene_01058_395108_pano,panoramic,174,-3.3923,-0.2561,-4.1690,1.2000,0,,0.0000,0.0000
scene_01058_395108_pano,panoramic,175,1.0927,-0.2561,-0.3040,1.2000,1,w1_proxy_25,0.6744,42.3995
scene_01058_395108_pano,panoramic,178,0.6193,0.2123,-1.6583,0.2808,1,w1_proxy_30,1.7156,62.7177
scene_01058_395108_pano,panoramic,182,-2.0063,-1.2809,-3.1519,0.5500,0,,0.0000,0.0000
scene_01058_395108_pano,panoramic,183,-2.0063,-1.2870,-3.7019,0.5500,0,,0.0000,0.0000
scene_01058_395108_pano,panoramic,188,0.1068,-1.2475,-2.3248,1.0172,1,w0_proxy_6,1.7737,85.3103
scene_01058_395108_pano,panoramic,189,-3.8868,-0.4236,-2.4751,0.5007,0,,0.0000,0.0000
scene_01058_395108_pano,panoramic,190,-0.6668,0.6400,3.0340,0.9418,0,,0.0000,0.0000
scene_01058_395108_pano,panoramic,191,-5.8032,-1.4229,0.4103,0.2799,0,,0.0000,0.0000
scene_01058_395108_pano,panoramic,192,-2.1913,-0.0815,-3.3854,1.5765,0,,0.0000,0.0000
scene_01058_395108_pano,panoramic,193,0.2840,0.1465,-1.6385,0.3445,1,w1_proxy_24,1.6428,12.2390
scene_01058_395108_pano,panoramic,194,-0.9148,-1.1070,1.1790,0.3164,1,w0_proxy_4,1.2001,87.7879
scene_01058_395108_pano,panoramic,195,0.4974,-0.0644,-1.6906,0.5245,1,w1_proxy_38,1.6351,62.4867
scene_01058_395108_pano,panoramic,196,-4.1942,-1.1838,2.0455,0.4870,0,,0.0000,0.0000
scene_01058_395108_pano,panoramic,197,-2.5582,-0.1385,1.9869,1.2228,0,,0.0000,0.0000
scene_01058_395108_pano,panoramic,198,-5.1296,-0.7658,-1.6158,0.2906,0,,0.0000,0.0000
scene_01058_395108_pano,panoramic,202,-0.9490,0.3368,1.1282,0.4174,1,w0_proxy_19,1.3321,337.2916
scene_01058_395108_pano,panoramic,204,-1.2337,-1.1622,-3.1500,0.4271,0,,0.0000,0.0000
scene_01058_395108_pano,panoramic,205,0.6900,-1.2001,-3.1438,0.3386,0,,0.0000,0.0000
scene_01058_395108_pano,panoramic,207,-2.6763,-0.2491,-3.9401,0.4800,0,,0.0000,0.0000
scene_01058_395108_pano,panoramic,209,0.5817,-0.8672,-1.6526,0.2827,1,w1_proxy_29,1.4605,73.5604
scene_01058_395108_pano,panoramic,210,-2.5057,-0.5192,-1.8938,0.7671,0,,0.0000,0.0000
scene_01058_395108_pano,panoramic,211,-0.4891,-0.4729,0.6696,0.7671,1,w0_proxy_7,0.5398,16.4826
scene_01058_395108_pano,panoramic,213,0.7286,-1.3012,4.5890,0.9099,0,,0.0000,0.0000
scene_01058_395108_pano,panoramic,214,0.7511,-1.3012,1.6830,0.9099,1,w1_proxy_26,1.7594,76.8216
scene_01058_395108_pano,panoramic,217,-0.5063,-0.6644,-0.7842,2.1834,1,w3_proxy_56,0.4982,75.8559
scene_01058_395108_pano,panoramic,225,-2.1736,-0.9419,3.1099,1.4589,0,,0.0000,0.0000
scene_01058_395108_pano,panoramic,240,-2.7152,-1.2810,0.9195,0.9504,0,,0.0000,0.0000
scene_01058_395108_pano,panoramic,241,-2.7152,-1.2810,3.1931,0.9504,0,,0.0000,0.0000
scene_01058_395108_pano,panoramic,243,-1.9781,-1.5633,-2.6431,0.2287,0,,0.0000,0.0000
scene_01058_395108_pano,panoramic,245,-2.6845,-0.0305,4.2400,1.2172,0,,0.0000,0.0000
scene_01058_395108_pano,panoramic,247,-2.8363,-0.7561,-1.3750,2.0000,0,,0.0000,0.0000
scene_01058_395108_pano,panoramic,248,-1.0422,-0.7561,0.3021,2.0000,1,w3_proxy_59,0.2887,86.5311
scene_01058_395108_pano,panoramic,249,-1.8095,-0.7561,-0.2302,2.0000,1,w3_proxy_49,1.1135,88.0989
scene_01058_395108_pano,panoramic,250,-1.7391,-0.7561,-1.3750,2.0000,1,w1_proxy_23,1.9571,72.6386
scene_01058_395108_pano,panoramic,251,-4.7996,-0.7561,-0.2320,2.0000,0,,0.0000,0.0000
scene_01058_395108_pano,panoramic,261,-4.5982,-1.7358,1.4033,1.4583,0,,0.0000,0.0000
scene_01058_395108_pano,panoramic,263,0.9198,-0.1104,-1.9900,1.8800,0,,0.0000,0.0000
scene_01058_395108_pano,panoramic,264,0.9132,0.1186,-2.9768,1.3700,0,,0.0000,0.0000
scene_01058_395108_pano,panoramic,265,-3.7171,-0.3389,-3.5985,1.5168,0,,0.0000,0.0000
scene_01058_395108_pano,panoramic,325,-5.6515,-0.0391,1.8998,0.2217,0,,0.0000,0.0000
scene_01058_388337_pano,panoramic,0,-2.2176,0.7367,3.4681,0.7196,0,,0.0000,0.0000
scene_01058_388337_pano,panoramic,2,1.0300,-1.4811,3.6920,0.1507,0,,0.0000,0.0000
scene_01058_388337_pano,panoramic,3,1.0300,-1.1311,3.6920,0.1507,0,,0.0000,0.0000
scene_01058_388337_pano,panoramic,4,0.6349,-1.0630,4.0513,0.1507,0,,0.0000,0.0000
scene_01058_388337_pano,panoramic,5,1.0300,-1.0630,2.4797,0.1507,0,,0.0000,0.0000
scene_01058_388337_pano,panoramic,6,1.0300,-1.0630,2.3916,0.1507,0,,0.0000,0.0000
scene_01058_388337_pano,panoramic,7,1.2300,-0.0993,3.1910,0.1507,0,,0.0000,0.0000
scene_01058_388337_pano,panoramic,8,-0.0533,-1.0630,4.0493,0.1507,0,,0.0000,0.0000
scene_01058_388337_pano,panoramic,9,1.0300,-1.0630,1.5797,0.1507,1,w3_proxy_62,1.7205,211.8498
scene_01058_388337_pano,panoramic,10,1.0300,-1.0630,1.4916,0.1507,1,w3_proxy_52,1.6411,121.5152
scene_01058_388337_pano,panoramic,11,1.0300,-1.0630,1.0416,0.1507,1,w3_proxy_59,1.2364,37.6246
scene_01058_388337_pano,panoramic,12,1.0300,-1.0630,2.9297,0.1507,0,,0.0000,0.0000
scene_01058_388337_pano,panoramic,13,1.2300,-0.0193,3.6409,0.1507,0,,0.0000,0.0000
scene_01058_388337_pano,panoramic,14,1.2300,-0.0193,3.7291,0.1507,0,,0.0000,0.0000
scene_01058_388337_pano,panoramic,15,1.2300,-0.0993,4.1791,0.1507,0,,0.0000,0.0000
scene_01058_388337_pano,panoramic,21,-3.6629,-0.0413,3.4193,0.8000,0,,0.0000,0.0000
scene_01058_388337_pano,panoramic,33,0.3563,-0.8219,4.5322,0.2359,0,,0.0000,0.0000
scene_01058_388337_pano,panoramic,34,-0.3874,-0.6467,1.2713,2.2189,1,w0_proxy_7,1.0823,94.4871
scene_01058_388337_pano,panoramic,35,-4.2401,-0.9714,1.6502,1.5695,0,,0.0000,0.0000
scene_01058_388337_pano,panoramic,36,2.9300,-1.7203,3.4228,0.2590,0,,0.0000,0.0000
scene_01058_388337_pano,panoramic,38,1.4536,-0.8111,2.8968,0.2494,0,,0.0000,0.0000
scene_01058_388337_pano,panoramic,39,2.1441,-1.5665,3.7141,0.3793,0,,0.0000,0.0000
scene_01058_388337_pano,panoramic,40,1.2859,-0.8048,3.4457,0.4543,0,,0.0000,0.0000
scene_01058_388337_pano,panoramic,41,1.3676,-0.7272,3.9109,0.3286,0,,0.0000,0.0000
scene_01058_388337_pano,panoramic,43,0.5596,-0.0649,4.6220,0.7986,0,,0.0000,0.0000
scene_01058_388337_pano,panoramic,46,-2.3005,-0.7130,-0.7503,0.3895,0,,0.0000,0.0000
scene_01058_388337_pano,panoramic,47,-3.5617,-1.4014,-0.9935,0.3588,0,,0.0000,0.0000
scene_01058_388337_pano,panoramic,48,0.4308,0.1061,0.5075,0.8493,1,w3_proxy_68,0.7871,76.9899
scene_01058_388337_pano,panoramic,50,4.6288,-1.3848,2.6710,2.0000,0,,0.0000,0.0000
scene_01058_388337_pano,panoramic,51,2.1650,-0.6561,4.2350,1.8000,0,,0.0000,0.0000
scene_01058_388337_pano,panoramic,60,0.5886,0.1389,0.7034,0.6865,1,w3_proxy_51,0.9139,229.9923
scene_01058_388337_pano,panoramic,61,1.3753,-0.6752,4.3441,0.4810,0,,0.0000,0.0000
scene_01058_388337_pano,panoramic,62,0.9857,-0.7852,4.3829,0.4086,0,,0.0000,0.0000
scene_01058_388337_pano,panoramic,63,-0.6717,-1.2816,3.3491,0.9492,0,,0.0000,0.0000
scene_01058_388337_pano,panoramic,64,-0.6709,-1.2816,3.7975,0.9492,0,,0.0000,0.0000
scene_01058_388337_pano,panoramic,65,1.4163,-0.7757,1.5164,0.2828,1,w3_proxy_69,1.7544,29.3196
scene_01058_388337_pano,panoramic,67,-3.4357,0.0784,2.7424,0.3244,0,,0.0000,0.0000
scene_01058_388337_pano,panoramic,68,2.7449,0.6389,2.3905,0.6000,0,,0.0000,0.0000
scene_01058_388337_pano,panoramic,71,-0.7270,-1.5075,4.2447,0.3100,0,,0.0000,0.0000
scene_01058_388337_pano,panoramic,73,4.4941,-1.0772,2.3347,0.5100,0,,0.0000,0.0000
scene_01058_388337_pano,panoramic,74,-2.3282,-0.3029,-0.8320,0.3387,0,,0.0000,0.0000
scene_01058_388337_pano,panoramic,78,-5.1672,-0.1173,0.4740,1.6200,0,,0.0000,0.0000
scene_01058_388337_pano,panoramic,82,-3.4418,0.4460,4.3061,0.6348,0,,0.0000,0.0000
scene_01058_388337_pano,panoramic,85,-2.2246,-0.6725,-0.7239,0.3457,0,,0.0000,0.0000
scene_01058_388337_pano,panoramic,87,4.5257,-1.7254,3.4949,0.4213,0,,0.0000,0.0000
scene_01058_388337_pano,panoramic,90,-3.2712,-1.2955,-0.7546,1.4000,0,,0.0000,0.0000
scene_01058_388337_pano,panoramic,129,0.2908,-1.2536,4.3220,0.6163,0,,0.0000,0.0000
scene_01058_388337_pano,panoramic,131,-4.5442,-0.7561,-1.0621,2.0000,0,,0.0000,0.0000
scene_01058_388337_pano,panoramic,132,-3.4121,0.1023,4.3205,0.4039,0,,0.0000,0.0000
scene_01058_388337_pano,panoramic,134,-0.8839,-0.0487,1.2304,0.7000,1,w3_proxy_60,1.3944,353.2262
scene_01058_388337_pano,panoramic,135,-2.9868,0.0925,-0.9246,0.7000,0,,0.0000,0.0000
scene_01058_388337_pano,panoramic,136,-0.6580,-0.5131,2.0735,0.2640,1,w0_proxy_1,1.9471,123.1009
scene_01058_388337_pano,panoramic,137,3.8734,-0.9092,3.4487,0.4100,0,,0.0000,0.0000
scene_01058_388337_pano,panoramic,139,1.3633,0.0463,3.6829,0.8909,0,,0.0000,0.0000
scene_01058_388337_pano,panoramic,140,-3.4671,0.0618,2.3395,0.2993,0,,0.0000,0.0000
scene_01058_388337_pano,panoramic,144,1.2715,-0.8040,0.9937,0.2673,1,w1_proxy_32,1.4818,31.2318
scene_01058_388337_pano,panoramic,145,5.0705,-0.0361,2.2210,1.1000,0,,0.0000,0.0000
scene_01058_388337_pano,panoramic,149,0.3145,-0.7096,-0.7298,0.3031,1,w1_proxy_33,0.3962,9.6547
scene_01058_388337_pano,panoramic,150,1.0016,-0.1290,4.8727,1.6960,0,,0.0000,0.0000
scene_01058_388337_pano,panoramic,151,5.2562,-1.2389,2.3546,0.6400,0,,0.0000,0.0000
scene_01058_388337_pano,panoramic,152,1.3408,-0.9104,3.6920,0.7685,0,,0.0000,0.0000
scene_01058_388337_pano,panoramic,155,-3.8629,-1.7536,-0.3899,2.5146,0,,0.0000,0.0000
scene_01058_388337_pano,panoramic,158,-2.0759,-0.6327,1.9560,2.4042,0,,0.0000,0.0000
scene_01058_388337_pano,panoramic,161,-0.5105,-0.7002,-0.7572,0.2837,1,w1_proxy_28,0.8527,33.3411
scene_01058_388337_pano,panoramic,162,2.6158,-0.7311,2.9999,2.0500,0,,0.0000,0.0000
scene_01058_388337_pano,panoramic,163,2.7449,0.6354,3.8832,0.6018,0,,0.0000,0.0000
scene_01058_388337_pano,panoramic,164,2.2028,-1.3571,3.4191,0.7981,0,,0.0000,0.0000
scene_01058_388337_pano,panoramic,166,-1.8840,-0.2750,-0.8054,0.2703,1,w0_proxy_0,1.8294,203.4345
scene_01058_388337_pano,panoramic,171,3.9191,-1.0933,3.5528,0.2380,0,,0.0000,0.0000
scene_01058_388337_pano,panoramic,174,2.4428,-0.2561,1.9560,1.2000,0,,0.0000,0.0000
scene_01058_388337_pano,panoramic,176,-3.7726,-1.7318,-0.6707,0.2290,0,,0.0000,0.0000
scene_01058_388337_pano,panoramic,177,-3.5177,-1.7318,-0.6199,0.2290,0,,0.0000,0.0000
scene_01058_388337_pano,panoramic,179,-3.4004,0.0523,4.0900,0.2808,0,,0.0000,0.0000
scene_01058_388337_pano,panoramic,180,1.7308,-0.2061,1.2635,1.2000,1,w2_proxy_40,1.3517,17.4062
scene_01058_388337_pano,panoramic,181,1.7308,-0.5181,-0.1930,2.4000,1,w2_proxy_38,0.7722,20.9489
scene_01058_388337_pano,panoramic,182,3.8288,-1.2809,2.9731,0.5500,0,,0.0000,0.0000
scene_01058_388337_pano,panoramic,183,3.8288,-1.2870,2.4231,0.5500,0,,0.0000,0.0000
scene_01058_388337_pano,panoramic,184,-0.6685,-1.1462,4.2759,0.3996,0,,0.0000,0.0000
scene_01058_388337_pano,panoramic,185,-0.6304,-0.6854,4.2769,0.3996,0,,0.0000,0.0000
scene_01058_388337_pano,panoramic,186,1.5887,0.0326,1.2860,1.2000,1,w3_proxy_53,1.8250,45.0421
scene_01058_388337_pano,panoramic,189,1.9483,-0.4236,3.6500,0.5007,0,,0.0000,0.0000
scene_01058_388337_pano,panoramic,192,3.6438,-0.0815,2.7396,1.5765,0,,0.0000,0.0000
scene_01058_388337_pano,panoramic,198,0.7055,-0.7658,4.5092,0.2906,0,,0.0000,0.0000
scene_01058_388337_pano,panoramic,199,-3.5868,-0.5913,-0.9340,1.2000,0,,0.0000,0.0000
scene_01058_388337_pano,panoramic,200,-0.4745,-0.5214,4.5986,0.5100,0,,0.0000,0.0000
scene_01058_388337_pano,panoramic,201,0.8649,0.0656,-0.7420,0.7593,1,w1_proxy_27,0.9602,4.5188
scene_01058_388337_pano,panoramic,203,-3.4650,0.4665,2.5134,0.5168,0,,0.0000,0.0000
scene_01058_388337_pano,panoramic,204,4.6014,-1.1622,2.9750,0.4271,0,,0.0000,0.0000
scene_01058_388337_pano,panoramic,206,0.9638,-0.6229,-0.7860,0.5526,1,w2_proxy_39,0.1320,29.5841
scene_01058_388337_pano,panoramic,207,3.1588,-0.2491,2.1850,0.4800,0,,0.0000,0.0000
scene_01058_388337_pano,panoramic,210,3.3294,-0.5192,4.2312,0.7671,0,,0.0000,0.0000
scene_01058_388337_pano,panoramic,218,-0.4665,0.2344,3.8398,0.8189,0,,0.0000,0.0000
scene_01058_388337_pano,panoramic,242,1.2498,-1.3261,-0.6123,0.8600,1,w1_proxy_34,1.1225,54.6147
scene_01058_388337_pano,panoramic,243,3.8570,-1.5633,3.4819,0.2287,0,,0.0000,0.0000
scene_01058_388337_pano,panoramic,244,-2.5175,-1.0281,3.3808,1.6000,0,,0.0000,0.0000
scene_01058_388337_pano,panoramic,247,2.9988,-0.7561,4.7500,2.0000,0,,0.0000,0.0000
scene_01058_388337_pano,panoramic,251,1.0355,-0.7561,5.8931,2.0000,0,,0.0000,0.0000
scene_01058_388337_pano,panoramic,252,-0.8142,-0.7561,0.1347,2.0000,1,w0_proxy_19,0.8122,81.8239
scene_01058_388337_pano,panoramic,253,-2.1623,1.0397,0.5770,0.2177,0,,0.0000,0.0000
scene_01058_388337_pano,panoramic,254,-3.8493,1.0397,0.5770,0.2177,0,,0.0000,0.0000
scene_01058_388337_pano,panoramic,256,1.4249,-0.7015,-0.8659,0.3124,1,w2_proxy_37,0.4225,51.3339
scene_01058_388337_pano,panoramic,257,1.3408,-0.9875,1.5357,0.7773,1,w3_proxy_70,1.7846,25.1783
scene_01058_388337_pano,panoramic,258,-2.8499,-1.1032,-0.8099,0.4509,0,,0.0000,0.0000
scene_01058_388337_pano,panoramic,259,0.7794,-1.2251,-0.5548,0.4860,1,w1_proxy_35,0.6795,28.5189
scene_01058_388337_pano,panoramic,260,-3.4866,-0.7289,2.3613,0.3484,0,,0.0000,0.0000
scene_01058_388337_pano,panoramic,265,2.1180,-0.3389,2.5265,1.5168,0,,0.0000,0.0000
scene_01058_388337_pano,panoramic,266,-0.0979,-0.7714,4.4336,0.2795,0,,0.0000,0.0000
scene_01058_388337_pano,panoramic,317,-2.1298,-1.3145,3.8037,0.8833,0,,0.0000,0.0000
scene_01058_388337_pano,panoramic,318,-2.1378,-1.3145,2.9626,0.8833,0,,0.0000,0.0000
scene_01058_388337_pano,panoramic,319,-2.5189,-1.3145,2.4555,0.8833,0,,0.0000,0.0000
scene_01058_388337_pano,panoramic,320,-2.9052,-1.3145,3.8169,0.8833,0,,0.0000,0.0000
scene_01058_388337_pano,panoramic,321,-2.9257,-1.3145,2.9599,0.8833,0,,0.0000,0.0000
scene_01058_388337_pano,panoramic,322,-2.5268,-1.3145,4.3107,0.8833,0,,0.0000,0.0000
scene_01058_388337_pano,panoramic,323,-4.2015,0.0529,1.8260,1.5000,0,,0.0000,0.0000
scene_01058_397832_pano,panoramic,1,0.0194,0.6467,-3.1517,0.8733,0,,0.0000,0.0000
scene_01058_397832_pano,panoramic,20,3.6022,0.8511,-2.3087,0.6766,0,,0.0000,0.0000
scene_01058_397832_pano,panoramic,31,1.7745,-0.6164,-2.6583,1.2247,0,,0.0000,0.0000
scene_01058_397832_pano,panoramic,32,-1.9814,-0.0855,-2.5873,2.5581,0,,0.0000,0.0000
scene_01058_397832_pano,panoramic,37,-1.5197,0.6221,-0.9330,0.8501,1,w0_proxy_0,1.3615,240.7442
scene_01058_397832_pano,panoramic,42,2.2345,-0.1230,0.0206,0.7986,1,w3_proxy_29,0.6695,261.4960
scene_01058_397832_pano,panoramic,44,1.5555,-0.8088,-0.0028,1.8946,1,w2_proxy_21,0.4468,67.4222
scene_01058_397832_pano,panoramic,45,-1.6951,-0.8088,-5.0595,1.8946,0,,0.0000,0.0000
scene_01058_397832_pano,panoramic,49,3.8685,-1.2814,-2.1998,2.2300,0,,0.0000,0.0000
scene_01058_397832_pano,panoramic,70,1.8113,0.1623,-4.1329,0.5000,0,,0.0000,0.0000
scene_01058_397832_pano,panoramic,72,1.8891,0.0223,-2.9813,0.3600,0,,0.0000,0.0000
scene_01058_397832_pano,panoramic,75,1.7907,0.0084,0.0387,0.7877,1,w3_proxy_143,1.0721,108.2821
scene_01058_397832_pano,panoramic,76,4.6724,-1.2520,-0.0032,1.2044,0,,0.0000,0.0000
scene_01058_397832_pano,panoramic,79,3.2750,-0.5061,0.5290,2.5000,0,,0.0000,0.0000
scene_01058_397832_pano,panoramic,84,2.3200,0.6035,-1.3783,0.8934,0,,0.0000,0.0000
scene_01058_397832_pano,panoramic,89,5.5258,-1.0786,0.1912,1.3551,0,,0.0000,0.0000
scene_01058_397832_pano,panoramic,130,5.2356,-0.5680,-1.0842,1.0719,0,,0.0000,0.0000
scene_01058_397832_pano,panoramic,143,4.1756,-1.3441,-0.0580,0.8241,0,,0.0000,0.0000
scene_01058_397832_pano,panoramic,156,3.1452,-0.6561,-0.7140,2.2000,1,w3_proxy_153,1.8494,53.5701
scene_01058_397832_pano,panoramic,160,1.8599,-1.2886,-2.4154,0.3765,0,,0.0000,0.0000
scene_01058_397832_pano,panoramic,165,1.6965,-1.3746,-3.1068,0.5987,0,,0.0000,0.0000
scene_01058_397832_pano,panoramic,167,1.7204,-1.2282,-1.6550,0.5693,1,w2_proxy_15,1.8124,67.6868
scene_01058_397832_pano,panoramic,169,3.1591,-0.5561,0.7140,2.4000,0,,0.0000,0.0000
scene_01058_397832_pano,panoramic,187,1.6527,-0.8429,-1.1754,1.8265,1,w2_proxy_10,1.3261,65.9043
scene_01058_397832_pano,panoramic,191,1.7216,-1.4229,-3.8297,0.2799,0,,0.0000,0.0000
scene_01058_397832_pano,panoramic,196,3.3306,-1.1838,-2.1945,0.4870,0,,0.0000,0.0000
scene_01058_397832_pano,panoramic,197,4.9666,-0.1385,-2.2531,1.2228,0,,0.0000,0.0000
scene_01058_397832_pano,panoramic,200,1.2152,-0.5214,-5.7665,0.5100,0,,0.0000,0.0000
scene_01058_397832_pano,panoramic,208,-1.1982,-1.0522,-4.4268,1.4079,0,,0.0000,0.0000
scene_01058_397832_pano,panoramic,212,-0.3297,-1.3321,-2.6212,1.2409,0,,0.0000,0.0000
scene_01058_397832_pano,panoramic,216,-0.1154,-1.3511,-0.1748,2.0352,1,w0_proxy_5,1.0726,95.1719
scene_01058_397832_pano,panoramic,225,5.3512,-0.9419,-1.1301,1.4589,0,,0.0000,0.0000
scene_01058_397832_pano,panoramic,240,4.8096,-1.2810,-3.3205,0.9504,0,,0.0000,0.0000
scene_01058_397832_pano,panoramic,241,4.8096,-1.2810,-1.0469,0.9504,0,,0.0000,0.0000
scene_01058_397832_pano,panoramic,245,4.8403,-0.0305,0.0000,1.2172,0,,0.0000,0.0000
scene_01058_397832_pano,panoramic,251,2.7252,-0.7561,-4.4720,2.0000,0,,0.0000,0.0000
scene_01058_397832_pano,panoramic,255,-0.3911,-1.3463,-4.0137,0.9219,0,,0.0000,0.0000
scene_01058_397832_pano,panoramic,261,2.9266,-1.7358,-2.8367,1.4583,0,,0.0000,0.0000
scene_01058_397832_pano,panoramic,262,-0.0524,0.6135,-0.0705,0.3262,1,w0_proxy_3,1.0178,626.7425
scene_01058_397832_pano,panoramic,325,1.8733,-0.0391,-2.3402,0.2217,0,,0.0000,0.0000
scene_01058_397832_pano,panoramic,326,-1.7542,-1.2552,-4.3251,1.0020,0,,0.0000,0.0000
