scene_id,gt_object_id,gt_centroid_cam_x,gt_centroid_cam_y,gt_centroid_cam_z,gt_max_dim_m,matched,pred_node_name,placement_err_m,size_err_pct
scene_01058_400641_1,1,0.9182,-1.7122,7.0481,0.8733,0,,0.0000,0.0000
scene_01058_400641_1,8,-0.8769,0.4757,4.3023,0.1507,1,tmpra6jm2x1.ply,0.9299,903.4420
scene_01058_400641_1,20,0.9949,1.6134,8.6367,0.6766,0,,0.0000,0.0000
scene_01058_400641_1,31,-0.4058,-0.1526,7.9050,1.2247,1,tmpyc9go14b.ply,0.6997,71.5898
scene_01058_400641_1,33,-0.6474,0.7818,4.8615,0.2359,1,tmpwh1cqkns.ply,0.2609,129.6307
scene_01058_400641_1,42,0.0919,-0.2562,10.6202,0.7986,1,tmp2p0rs19h.ply,0.6213,38.2570
scene_01058_400641_1,43,0.1021,0.9902,4.9927,0.7986,1,tmpcc6j689x.ply,1.1703,62.3282
scene_01058_400641_1,44,-0.5681,-0.9403,10.4524,1.8946,0,,0.0000,0.0000
scene_01058_400641_1,49,-1.1452,1.7682,8.8000,2.2300,0,,0.0000,0.0000
scene_01058_400641_1,59,-0.5234,0.1065,4.2405,0.1304,1,tmpx5ldzc3c.ply,0.5586,58.3160
scene_01058_400641_1,63,-1.0778,0.0130,3.4862,0.9492,1,tmp8mnhh1s2.ply,0.7625,95.5151
scene_01058_400641_1,64,-1.0742,-0.0819,3.9244,0.9492,1,tmpf0pyagab.ply,1.0549,82.6316
scene_01058_400641_1,70,0.3588,0.2278,6.4721,0.5000,1,tmptuot0_wz.ply,0.7617,81.2859
scene_01058_400641_1,71,-1.2942,-0.2407,4.3494,0.3100,1,tmps6kn2wkp.ply,1.6717,63.1765
scene_01058_400641_1,72,0.2255,0.0527,7.6138,0.3600,0,,0.0000,0.0000
scene_01058_400641_1,75,0.2401,-0.6882,10.5432,0.7877,0,,0.0000,0.0000
scene_01058_400641_1,76,-1.1279,2.0854,11.1175,1.2044,0,,0.0000,0.0000
scene_01058_400641_1,79,-0.3258,0.6364,11.3391,2.5000,0,,0.0000,0.0000
scene_01058_400641_1,84,0.8033,0.1537,9.2718,0.8934,1,tmpy2m00u3j.ply,0.1847,36.6106
scene_01058_400641_1,89,-0.9851,2.8837,11.4897,1.3551,0,,0.0000,0.0000
scene_01058_400641_1,101,-0.7025,-0.4458,4.6705,0.1429,0,,0.0000,0.0000
scene_01058_400641_1,103,-1.1295,-0.4275,4.5121,0.1429,1,tmpp9xixrzv.ply,1.7760,21.9643
scene_01058_400641_1,129,-1.0781,0.7461,4.6422,0.6163,1,tmp4785wk9e.ply,0.4954,9.3635
scene_01058_400641_1,134,0.1446,0.3053,1.3711,0.7000,1,tmpg8reffm1.ply,1.3337,76.7400
scene_01058_400641_1,136,-0.3210,0.3281,2.2430,0.2640,1,tmp_khvypof.ply,0.5962,35.8593
scene_01058_400641_1,143,-1.2017,1.6086,10.9579,0.8241,0,,0.0000,0.0000
scene_01058_400641_1,156,-0.4810,0.7691,10.0970,2.2000,1,tmp_k5jqlk8.ply,0.8060,78.0473
scene_01058_400641_1,160,-1.0787,-0.1470,8.1604,0.3765,1,tmp1dcee5tk.ply,0.7137,72.0718
scene_01058_400641_1,165,-1.1642,-0.1622,7.4501,0.5987,1,tmpe6cjh4u7.ply,0.6480,53.9282
scene_01058_400641_1,167,-1.0069,-0.4430,8.8735,0.5693,0,,0.0000,0.0000
scene_01058_400641_1,169,-0.3699,0.4819,11.4951,2.4000,0,,0.0000,0.0000
scene_01058_400641_1,184,-0.9351,-0.1764,4.3924,0.3996,1,tmpfh1ceq7p.ply,1.4641,79.9355
scene_01058_400641_1,185,-0.4760,-0.1217,4.4014,0.3996,1,tmpbp_2nx74.ply,0.9452,90.8506
scene_01058_400641_1,187,-0.6154,-0.5966,9.3276,1.8265,1,tmpcknzyuhs.ply,0.8551,87.9622
scene_01058_400641_1,191,-1.2193,0.0146,6.7492,0.2799,1,tmpfj8sqm04.ply,0.6958,34.4656
scene_01058_400641_1,196,-1.0274,1.2457,8.6903,0.4870,0,,0.0000,0.0000
scene_01058_400641_1,198,-0.6047,1.1297,4.9136,0.2906,1,tmp6q4l6qnd.ply,1.8950,66.7641
scene_01058_400641_1,200,-0.3153,-0.0319,4.7490,0.5100,1,tmp7vswncyq.ply,1.2509,77.3548
scene_01058_400641_1,218,0.4333,0.1669,4.0095,0.8189,1,tmpctob73ha.ply,0.2263,85.6423
scene_01058_400641_1,220,-0.3275,0.4988,2.2814,0.0861,1,tmp8oj5mrhs.ply,0.6571,565.1027
scene_01058_400641_1,221,-0.3307,0.5828,2.2998,0.0861,1,tmp6pjd6fe1.ply,0.7110,90.4965
scene_01058_400641_1,232,-0.4194,0.2868,4.8532,0.0861,1,tmp3g849rsv.ply,0.6294,21.4659
scene_01058_400641_1,233,-0.4227,0.3718,4.8718,0.0861,1,tmpbfnykdgh.ply,0.7171,140.1413
scene_01058_400641_1,241,-1.1706,2.4410,10.1272,0.9504,0,,0.0000,0.0000
scene_01058_400641_1,245,0.0864,2.2956,11.1565,1.2172,0,,0.0000,0.0000
scene_01058_400641_1,251,-0.5960,1.1571,6.3360,2.0000,1,tmpq3va8l39.ply,0.9834,61.4797
scene_01058_400641_1,261,-1.5691,0.9671,7.9766,1.4583,0,,0.0000,0.0000
scene_01058_400641_1,262,0.9130,-2.4409,10.0430,0.3262,0,,0.0000,0.0000
scene_01058_400641_1,266,-0.5807,0.3613,4.6683,0.2795,1,tmppbel2z_i.ply,0.9645,2.3867
scene_01058_400641_1,270,0.9861,-0.9918,4.5902,0.0880,0,,0.0000,0.0000
scene_01058_400641_1,276,1.0382,0.2541,6.0681,0.0880,0,,0.0000,0.0000
scene_01058_400641_1,278,1.0890,-1.0662,9.2916,0.0880,0,,0.0000,0.0000
scene_01058_400641_1,280,1.0554,-0.1925,5.2910,0.0880,0,,0.0000,0.0000
scene_01058_400641_1,281,1.0634,-0.4003,8.8587,0.0880,0,,0.0000,0.0000
scene_01058_400641_1,283,1.1304,-2.1432,9.0561,0.0880,0,,0.0000,0.0000
scene_01058_400641_1,284,1.0952,-1.2266,5.0648,0.0880,0,,0.0000,0.0000
scene_01058_400641_1,288,0.8677,2.0866,11.1043,0.0880,0,,0.0000,0.0000
scene_01058_400641_1,289,0.9050,1.1170,10.8922,0.0880,0,,0.0000,0.0000
scene_01058_400641_1,290,0.9414,0.1709,10.6853,0.0880,0,,0.0000,0.0000
scene_01058_400641_1,292,1.0478,1.3060,7.1969,0.0880,0,,0.0000,0.0000
scene_01058_400641_1,293,1.0738,0.6305,7.5094,0.0880,0,,0.0000,0.0000
scene_01058_400641_1,295,1.0692,0.7511,9.7380,0.0880,0,,0.0000,0.0000
scene_01058_400641_1,296,1.0260,1.8727,9.9833,0.0880,0,,0.0000,0.0000
scene_01058_400641_1,298,1.0876,0.2710,9.1556,0.0880,1,tmp7be0q6jg.ply,0.6764,307.1074
scene_01058_400641_1,316,1.0513,-0.0853,7.4561,0.1050,1,tmpo1_47xfy.ply,0.4276,402.4158
scene_01058_400641_1,324,0.1592,-0.0595,8.0176,0.1449,0,,0.0000,0.0000
scene_01058_400641_1,325,0.1700,-0.1018,8.2367,0.2217,0,,0.0000,0.0000
scene_01058_400641_0,1,1.9022,1.2254,6.6178,0.8733,1,tmp53d3haor.ply,1.4283,61.7633
scene_01058_400641_0,21,0.3535,0.0111,2.7492,0.8000,1,tmpjpjt22yk.ply,1.0367,36.3386
scene_01058_400641_0,32,0.2232,-0.1172,7.1041,2.5581,1,tmpxnzjqshf.ply,0.7709,80.0885
scene_01058_400641_0,37,1.0341,-0.1475,8.7750,0.8501,0,,0.0000,0.0000
scene_01058_400641_0,45,-0.1946,0.5860,4.6449,1.8946,1,tmpatplr_eh.ply,0.7363,30.8267
scene_01058_400641_0,67,0.5878,0.1648,2.0816,0.3244,0,,0.0000,0.0000
scene_01058_400641_0,82,0.8666,-0.0839,3.6439,0.6348,1,tmp5cgfmees.ply,1.8800,65.2518
scene_01058_400641_0,91,-0.2469,0.5404,9.8589,0.1429,0,,0.0000,0.0000
scene_01058_400641_0,94,0.5618,0.0460,9.8589,0.1429,0,,0.0000,0.0000
scene_01058_400641_0,99,-0.2392,0.5530,9.4782,0.1429,0,,0.0000,0.0000
scene_01058_400641_0,102,0.5603,0.0435,9.9345,0.1429,0,,0.0000,0.0000
scene_01058_400641_0,111,-0.2485,0.5379,9.9345,0.1429,0,,0.0000,0.0000
scene_01058_400641_0,116,0.5695,0.0586,9.4782,0.1429,0,,0.0000,0.0000
scene_01058_400641_0,120,-0.2499,0.7673,3.6266,0.1429,1,tmp5m5dio0g.ply,1.3045,76.7482
scene_01058_400641_0,121,-0.2515,0.7648,3.7022,0.1429,1,tmpegi4nht_.ply,0.4852,252.8577
scene_01058_400641_0,132,0.5885,0.1202,3.6595,0.4039,1,tmpsxucjen_.ply,1.4355,61.8364
scene_01058_400641_0,140,0.5654,0.1600,1.6779,0.2993,1,tmpmsgrr3k7.ply,1.3835,60.6572
scene_01058_400641_0,179,0.5566,0.1639,3.4296,0.2808,1,tmp_5gqssgj.ply,1.3653,8.9051
scene_01058_400641_0,208,-0.1561,1.1156,5.2963,1.4079,1,tmpw6hgfppx.ply,1.0422,81.2972
scene_01058_400641_0,216,0.0671,2.0540,9.5872,2.0352,0,,0.0000,0.0000
scene_01058_400641_0,229,-0.6830,0.5148,5.2218,0.0861,1,tmp7xw3r_k_.ply,1.1168,907.3841
scene_01058_400641_0,262,1.7740,1.0795,9.6938,0.3262,0,,0.0000,0.0000
scene_01058_400641_0,271,1.3754,0.1807,4.0162,0.0880,1,tmpzpns17e3.ply,0.8318,918.9696
scene_01058_400641_0,274,1.2026,-0.2938,5.1762,0.0880,1,tmpht65dr5c.ply,0.6658,291.2708
scene_01058_400641_0,275,1.1446,-0.3887,8.0401,0.0880,1,tmpswgqspy4.ply,1.8151,5.2169
scene_01058_400641_0,277,1.4132,0.0508,8.6258,0.0880,0,,0.0000,0.0000
scene_01058_400641_0,278,2.6024,1.9960,8.7144,0.0880,0,,0.0000,0.0000
scene_01058_400641_0,279,1.4962,0.1864,4.5338,0.0880,1,tmp0yr_s5td.ply,0.4349,47.7401
scene_01058_400641_0,282,1.1739,-0.3408,6.5951,0.0880,1,tmpx2xrjui9.ply,1.1615,132.9751
scene_01058_400641_0,283,2.0274,1.0554,8.6715,0.0880,0,,0.0000,0.0000
scene_01058_400641_0,326,-0.6211,0.7441,5.3764,1.0020,0,,0.0000,0.0000
scene_01058_400641_2,0,0.8251,-0.3376,2.5828,0.7196,1,tmprz7krult.ply,0.8343,38.1054
scene_01058_400641_2,1,0.9189,0.1971,6.3298,0.8733,0,,0.0000,0.0000
scene_01058_400641_2,32,-0.4397,-1.4463,6.8878,2.5581,0,,0.0000,0.0000
scene_01058_400641_2,37,0.3797,-1.2522,8.5436,0.8501,0,,0.0000,0.0000
scene_01058_400641_2,44,0.0561,2.1215,9.4836,1.8946,0,,0.0000,0.0000
scene_01058_400641_2,45,-1.0233,-0.9276,4.4166,1.8946,1,tmpyotyz097.ply,0.6442,81.1870
scene_01058_400641_2,75,0.9050,2.0703,9.5259,0.7877,0,,0.0000,0.0000
scene_01058_400641_2,91,-1.0031,-0.8079,9.6296,0.1429,1,tmp6433hlj8.ply,0.8073,16.2033
scene_01058_400641_2,94,-0.1095,-1.1243,9.6296,0.1429,0,,0.0000,0.0000
scene_01058_400641_2,99,-1.0026,-0.8068,9.2486,0.1429,0,,0.0000,0.0000
scene_01058_400641_2,102,-0.1096,-1.1245,9.7052,0.1429,1,tmpjyvxrvln.ply,0.8439,430.2307
scene_01058_400641_2,111,-1.0031,-0.8081,9.7052,0.1429,1,tmpad0jcp48.ply,0.4688,292.2637
scene_01058_400641_2,116,-0.1091,-1.1231,9.2486,0.1429,0,,0.0000,0.0000
scene_01058_400641_2,120,-1.1271,-0.7960,3.3945,0.1429,1,tmp4oxrtasv.ply,0.4897,153.7077
scene_01058_400641_2,121,-1.1271,-0.7962,3.4701,0.1429,1,tmpq7n_zb9e.ply,0.6088,37.5905
scene_01058_400641_2,158,-0.4169,0.2575,1.0712,2.4042,1,tmpqe1jifyv.ply,1.0267,95.4120
scene_01058_400641_2,208,-1.0876,-0.3799,5.0508,1.4079,1,tmpzewa078r.ply,0.1997,45.4101
scene_01058_400641_2,212,-1.0635,0.5268,6.8591,1.2409,1,tmpjtqwf6s9.ply,1.3391,86.0040
scene_01058_400641_2,216,-1.0125,0.7279,9.3062,2.0352,1,tmpi8penj3h.ply,1.4052,78.7590
scene_01058_400641_2,229,-1.4794,-1.0788,5.0044,0.0861,1,tmpsv7cormp.ply,0.7883,219.5714
scene_01058_400641_2,244,-0.9385,-0.0310,2.4945,1.6000,1,tmpks2a6rug.ply,0.4120,89.5300
scene_01058_400641_2,255,-1.0960,0.4779,5.4665,0.9219,1,tmp64f1w1bs.ply,1.5524,82.5805
scene_01058_400641_2,262,0.8603,0.1313,9.4107,0.3262,0,,0.0000,0.0000
scene_01058_400641_2,270,1.0704,0.3387,3.7760,0.0880,1,tmpd2cz1zmz.ply,1.1513,522.9434
scene_01058_400641_2,275,0.5290,-1.4900,7.8144,0.0880,0,,0.0000,0.0000
scene_01058_400641_2,277,0.7078,-0.9850,8.3814,0.0880,0,,0.0000,0.0000
scene_01058_400641_2,278,1.4692,1.1657,8.3886,0.0880,0,,0.0000,0.0000
scene_01058_400641_2,279,0.7121,-0.9728,4.2863,0.0880,1,tmpcphjb4z1.ply,0.8253,234.2491
scene_01058_400641_2,281,1.6562,1.6940,7.8252,0.0880,0,,0.0000,0.0000
scene_01058_400641_2,282,0.5305,-1.4856,6.3683,0.0880,0,,0.0000,0.0000
scene_01058_400641_2,283,1.1010,0.1257,8.3851,0.0880,0,,0.0000,0.0000
scene_01058_400641_2,284,1.1201,0.1795,4.2902,0.0880,1,tmp9m6lwc9h.ply,1.1349,3.8745
scene_01058_400641_2,317,-1.0795,0.4287,2.9187,0.8833,1,tmplvvscoz3.ply,0.7782,95.7165
scene_01058_400641_2,322,-1.2126,0.0530,3.4244,0.8833,1,tmpvd44jmj4.ply,0.5699,83.7174
scene_01058_400641_2,326,-1.4646,-0.8366,5.1507,1.0020,1,tmpeol34ypf.ply,0.4773,81.4299
scene_01058_391880_1,52,-0.3918,-0.3364,3.3334,1.8000,1,tmpfv44mr0i.ply,1.8423,81.2500
scene_01058_391880_1,69,0.8748,-0.7025,2.7919,0.5894,1,tmp2b5bmhlo.ply,1.8845,152.2167
scene_01058_391880_1,142,-1.2896,-0.6220,5.9807,0.4650,0,,0.0000,0.0000
scene_01058_391880_1,153,-1.1923,-1.6134,6.4917,2.1161,0,,0.0000,0.0000
scene_01058_391880_1,175,0.0679,0.2874,2.6896,1.2000,1,tmp2s6m32vj.ply,1.5321,82.2227
scene_01058_391880_1,193,0.4213,-0.2605,1.2159,0.3445,1,tmpl5aejca7.ply,0.4493,11.8663
scene_01058_391880_1,195,0.2317,-0.0224,1.2094,0.5245,1,tmp9eyswk6v.ply,0.3233,80.9671
scene_01058_391880_1,213,-1.1000,-0.9854,7.3993,0.9099,0,,0.0000,0.0000
scene_01058_391880_1,214,-1.0419,-0.3607,4.5618,0.9099,0,,0.0000,0.0000
scene_01058_391880_1,223,-0.5138,0.0467,3.4990,0.0861,0,,0.0000,0.0000
scene_01058_391880_1,224,-0.9116,-0.4517,5.9918,0.0861,0,,0.0000,0.0000
scene_01058_391880_1,239,-0.9138,-0.4749,6.1013,0.0861,0,,0.0000,0.0000
scene_01058_391880_1,299,0.9558,-0.9475,6.8681,0.0880,0,,0.0000,0.0000
scene_01058_391880_1,300,0.9748,-0.7426,5.9019,0.0880,0,,0.0000,0.0000
scene_01058_391880_1,303,0.9934,-0.5432,4.9616,0.0880,0,,0.0000,0.0000
scene_01058_391880_4,52,0.1440,-0.5933,2.4372,1.8000,1,tmptvze6t1e.ply,0.5636,97.2513
scene_01058_391880_4,81,1.5476,-0.3672,6.7853,2.7500,0,,0.0000,0.0000
scene_01058_391880_4,153,0.6782,-1.2913,5.8245,2.1161,0,,0.0000,0.0000
scene_01058_391880_4,168,1.6222,-0.5450,6.9728,2.5600,0,,0.0000,0.0000
scene_01058_391880_4,175,-0.3338,-0.1764,1.6543,1.2000,1,tmp89pmuhhc.ply,1.2353,68.4508
scene_01058_391880_4,190,1.3566,0.6612,5.0428,0.9418,0,,0.0000,0.0000
scene_01058_391880_4,213,-0.1511,-1.2285,6.5559,0.9099,0,,0.0000,0.0000
scene_01058_391880_4,224,-0.3456,-1.0835,5.0583,0.0861,0,,0.0000,0.0000
scene_01058_391880_4,239,-0.3489,-1.0834,5.1702,0.0861,0,,0.0000,0.0000
scene_01058_391880_4,299,-0.1752,0.8170,5.9857,0.0880,0,,0.0000,0.0000
scene_01058_391880_4,300,-0.1460,0.8160,4.9983,0.0880,0,,0.0000,0.0000
scene_01058_391880_4,303,-0.1177,0.8150,4.0373,0.0880,1,tmp1m2ulxa6.ply,1.5748,168.3230
scene_01058_391880_0,81,-0.2644,0.7484,6.4381,2.7500,0,,0.0000,0.0000
scene_01058_391880_0,86,-0.1607,0.6141,2.7990,0.6030,1,tmp77btz8ro.ply,1.3766,93.7454
scene_01058_391880_0,142,1.3907,-0.5602,4.8630,0.4650,0,,0.0000,0.0000
scene_01058_391880_0,153,0.9289,0.2071,5.5349,2.1161,0,,0.0000,0.0000
scene_01058_391880_0,154,0.9456,0.1584,4.1359,2.1161,0,,0.0000,0.0000
scene_01058_391880_0,168,-0.1290,0.8930,6.6198,2.5600,0,,0.0000,0.0000
scene_01058_391880_0,190,-1.1199,0.0945,4.7145,0.9418,0,,0.0000,0.0000
scene_01058_391880_0,202,-0.9017,0.3932,2.7997,0.4174,1,tmpd1s4h57c.ply,1.6420,71.3278
scene_01058_391880_0,211,0.0186,0.2045,2.3583,0.7671,1,tmp9ckavd1j.ply,0.5828,31.2704
scene_01058_391880_0,213,1.1496,-0.5426,6.3198,0.9099,0,,0.0000,0.0000
scene_01058_391880_0,214,1.1914,-0.6649,3.4165,0.9099,1,tmpjrk_pqn8.ply,1.7576,94.0923
scene_01058_391880_0,224,1.1154,-0.8694,4.8387,0.0861,0,,0.0000,0.0000
scene_01058_391880_0,239,1.1141,-0.8655,4.9505,0.0861,0,,0.0000,0.0000
scene_01058_391880_0,299,-0.7407,-1.3299,5.7571,0.0880,0,,0.0000,0.0000
scene_01058_391880_2,76,-0.7619,1.2446,6.6339,1.2044,0,,0.0000,0.0000
scene_01058_391880_2,77,-0.3221,0.1212,3.4780,1.6200,1,tmp4r9qk5i5.ply,0.8296,52.0100
scene_01058_391880_2,79,-2.2370,0.6620,7.1603,2.5000,0,,0.0000,0.0000
scene_01058_391880_2,81,1.0324,0.1636,7.1740,2.7500,0,,0.0000,0.0000
scene_01058_391880_2,86,1.0803,0.2133,3.5315,0.6030,1,tmp4218rwah.ply,1.2125,71.5651
scene_01058_391880_2,89,0.0655,0.9758,6.8319,1.3551,0,,0.0000,0.0000
scene_01058_391880_2,130,-0.2753,0.5007,5.5552,1.0719,0,,0.0000,0.0000
scene_01058_391880_2,143,-1.2449,1.3923,6.5770,0.8241,0,,0.0000,0.0000
scene_01058_391880_2,153,2.0033,1.0131,6.2420,2.1161,0,,0.0000,0.0000
scene_01058_391880_2,168,0.9657,0.3474,7.3586,2.5600,0,,0.0000,0.0000
scene_01058_391880_2,169,-2.3472,0.7249,7.3448,2.4000,0,,0.0000,0.0000
scene_01058_391880_2,190,1.2004,-0.8832,5.4402,0.9418,0,,0.0000,0.0000
scene_01058_391880_2,194,1.1595,0.8797,3.5841,0.3164,0,,0.0000,0.0000
scene_01058_391880_2,197,-0.5864,0.1039,4.3852,1.2228,1,tmpvdhltogi.ply,1.9005,67.1121
scene_01058_391880_2,202,0.9621,-0.5509,3.5333,0.4174,1,tmp8w73q_s2.ply,1.8331,61.7994
scene_01058_391880_2,225,-0.1180,0.8591,5.5098,1.4589,0,,0.0000,0.0000
scene_01058_391880_2,241,-0.6180,1.2573,5.5908,0.9504,0,,0.0000,0.0000
scene_01058_391880_2,245,-0.7334,0.0119,6.6378,1.2172,0,,0.0000,0.0000
scene_01058_391880_2,248,0.9968,0.5451,2.7068,2.0000,1,tmpo5c84fl3.ply,1.9552,77.3025
scene_01058_391880_2,288,-1.0639,-0.7281,6.6368,0.0880,0,,0.0000,0.0000
scene_01058_391880_2,289,-2.0507,-0.6156,6.6327,0.0880,0,,0.0000,0.0000
scene_01058_391880_2,294,-0.8640,-0.9018,5.1231,0.0880,0,,0.0000,0.0000
scene_01058_391880_2,296,-1.5277,-0.8262,5.5867,0.0880,0,,0.0000,0.0000
scene_01058_391880_2,302,-0.3215,-0.8127,5.4339,0.0880,0,,0.0000,0.0000
scene_01058_391880_2,304,-0.3175,-0.8131,4.4725,0.0880,0,,0.0000,0.0000
scene_01058_391880_2,305,-0.3256,-0.8122,6.4217,0.0880,0,,0.0000,0.0000
scene_01058_391880_3,76,-0.6735,1.4083,5.9670,1.2044,0,,0.0000,0.0000
scene_01058_391880_3,77,-0.4406,0.1314,2.8477,1.6200,1,tmpmqk8gr29.ply,0.7070,75.1317
scene_01058_391880_3,79,-2.2810,1.3191,6.4143,2.5000,0,,0.0000,0.0000
scene_01058_391880_3,81,0.6710,-0.1586,6.6129,2.7500,0,,0.0000,0.0000
scene_01058_391880_3,86,0.9173,-0.2103,2.9785,0.6030,1,tmp_zkx3_8b.ply,1.2521,89.6447
scene_01058_391880_3,89,0.0198,0.9031,6.2124,1.3551,0,,0.0000,0.0000
scene_01058_391880_3,130,-0.3852,0.5262,4.9218,1.0719,0,,0.0000,0.0000
scene_01058_391880_3,153,1.9024,0.3299,5.7309,2.1161,0,,0.0000,0.0000
scene_01058_391880_3,168,0.6548,0.0410,6.7924,2.5600,0,,0.0000,0.0000
scene_01058_391880_3,169,-2.3758,1.4170,6.5920,2.4000,0,,0.0000,0.0000
scene_01058_391880_3,173,1.2280,1.0884,4.8755,1.8161,0,,0.0000,0.0000
scene_01058_391880_3,190,0.5966,-1.2463,4.8977,0.9418,0,,0.0000,0.0000
scene_01058_391880_3,197,-0.7433,0.2171,3.7389,1.2228,0,,0.0000,0.0000
scene_01058_391880_3,225,-0.1231,0.8178,4.8830,1.4589,0,,0.0000,0.0000
scene_01058_391880_3,245,-1.0261,0.2268,5.9803,1.2172,0,,0.0000,0.0000
scene_01058_391880_3,288,-1.5678,-0.3758,5.9656,0.0880,0,,0.0000,0.0000
scene_01058_391880_3,294,-1.3543,-0.6375,4.4666,0.0880,0,,0.0000,0.0000
scene_01058_391880_3,302,-0.8272,-0.7120,4.8064,0.0880,0,,0.0000,0.0000
scene_01058_391880_3,304,-0.7746,-0.7359,3.8468,0.0880,0,,0.0000,0.0000
scene_01058_391880_3,305,-0.8813,-0.6875,5.7925,0.0880,0,,0.0000,0.0000
scene_01058_391620_1,66,-1.4633,0.7400,4.3418,0.2680,0,,0.0000,0.0000
scene_01058_391620_1,76,-0.6274,-1.5089,7.0995,1.2044,0,,0.0000,0.0000
scene_01058_391620_1,77,0.1815,-0.2755,4.0599,1.6200,0,,0.0000,0.0000
scene_01058_391620_1,81,-0.1863,0.4468,7.9121,2.7500,0,,0.0000,0.0000
scene_01058_391620_1,86,-0.3690,0.9933,4.3148,0.6030,0,,0.0000,0.0000
scene_01058_391620_1,89,-0.6422,-0.6763,7.4199,1.3551,0,,0.0000,0.0000
scene_01058_391620_1,130,-0.1232,-0.6540,6.1153,1.0719,0,,0.0000,0.0000
scene_01058_391620_1,153,-1.3402,1.2013,7.1170,2.1161,0,,0.0000,0.0000
scene_01058_391620_1,154,-1.3876,1.4062,5.7329,2.1161,0,,0.0000,0.0000
scene_01058_391620_1,168,-0.3313,0.2971,8.0821,2.5600,0,,0.0000,0.0000
scene_01058_391620_1,173,-1.5505,0.2839,6.1811,1.8161,0,,0.0000,0.0000
scene_01058_391620_1,190,0.6876,1.1989,6.2386,0.9418,0,,0.0000,0.0000
scene_01058_391620_1,194,-1.0219,0.8375,4.3674,0.3164,0,,0.0000,0.0000
scene_01058_391620_1,197,0.3155,-0.6452,4.9193,1.2228,0,,0.0000,0.0000
scene_01058_391620_1,210,-0.1985,-0.1126,1.0905,0.7671,1,tmpk4b6i2k8.ply,0.4085,74.3471
scene_01058_391620_1,213,-1.4620,1.8776,7.9855,0.9099,0,,0.0000,0.0000
scene_01058_391620_1,225,-0.5149,-0.6203,6.0873,1.4589,0,,0.0000,0.0000
scene_01058_391620_1,240,-0.7986,-0.8979,3.8405,0.9504,0,,0.0000,0.0000
scene_01058_391620_1,241,-0.7216,-1.2305,6.0883,0.9504,0,,0.0000,0.0000
scene_01058_391620_1,245,0.5253,-1.0721,7.1279,1.2172,0,,0.0000,0.0000
scene_01058_391620_1,249,-0.5283,0.2611,2.8398,2.0000,1,tmpqw40qood.ply,1.4777,87.5204
scene_01058_391620_1,288,1.3326,-1.1334,7.0911,0.0880,0,,0.0000,0.0000
scene_01058_391620_1,294,1.3801,-0.6738,5.6256,0.0880,0,,0.0000,0.0000
scene_01058_391620_1,296,1.5444,-1.3836,5.9866,0.0880,0,,0.0000,0.0000
scene_01058_391620_1,297,1.3230,-0.4273,3.9597,0.0880,0,,0.0000,0.0000
scene_01058_391620_1,301,0.9298,0.6061,3.6119,0.0880,0,,0.0000,0.0000
scene_01058_391620_1,302,1.1262,-0.2421,6.0103,0.0880,0,,0.0000,0.0000
scene_01058_391620_1,304,1.0936,-0.1014,5.0598,0.0880,0,,0.0000,0.0000
scene_01058_391620_1,305,1.1597,-0.3866,6.9869,0.0880,0,,0.0000,0.0000
scene_01058_391620_0,20,-0.9550,0.8558,3.7864,0.6766,0,,0.0000,0.0000
scene_01058_391620_0,49,1.0077,-0.0206,3.8878,2.2300,0,,0.0000,0.0000
scene_01058_391620_0,76,0.7283,-0.8408,6.0606,1.2044,0,,0.0000,0.0000
scene_01058_391620_0,79,0.4154,0.6978,6.6323,2.5000,0,,0.0000,0.0000
scene_01058_391620_0,130,-0.0807,-1.1517,4.9640,1.0719,0,,0.0000,0.0000
scene_01058_391620_0,143,0.9609,-0.3908,6.0200,0.8241,0,,0.0000,0.0000
scene_01058_391620_0,156,0.6068,0.8123,5.3935,2.2000,0,,0.0000,0.0000
scene_01058_391620_0,169,0.4953,0.7892,6.8205,2.4000,0,,0.0000,0.0000
scene_01058_391620_0,196,1.0702,0.5221,3.9083,0.4870,0,,0.0000,0.0000
scene_01058_391620_0,197,-0.4041,-0.7380,3.8033,1.2228,0,,0.0000,0.0000
scene_01058_391620_0,241,0.7248,-0.9521,5.0134,0.9504,0,,0.0000,0.0000
scene_01058_391620_0,245,-0.4894,-0.6472,6.0590,1.2172,0,,0.0000,0.0000
scene_01058_391620_0,288,-1.1579,-0.1891,6.0660,0.0880,0,,0.0000,0.0000
scene_01058_391620_0,289,-0.8699,0.7611,6.0942,0.0880,0,,0.0000,0.0000
scene_01058_391620_0,294,-1.3505,-0.3071,4.5460,0.0880,0,,0.0000,0.0000
scene_01058_391620_0,296,-1.1612,0.3173,5.0311,0.0880,0,,0.0000,0.0000
scene_01058_391620_0,302,-1.3632,-0.8663,4.8394,0.0880,0,,0.0000,0.0000
scene_01058_391620_0,304,-1.3553,-0.8401,3.8784,0.0880,0,,0.0000,0.0000
scene_01058_391620_0,305,-1.3714,-0.8931,5.8268,0.0880,0,,0.0000,0.0000
scene_01058_391620_2,20,1.1493,0.0135,4.9622,0.6766,0,,0.0000,0.0000
scene_01058_391620_2,42,0.5305,-1.4674,7.3433,0.7986,0,,0.0000,0.0000
scene_01058_391620_2,49,-0.9821,-0.2660,5.0606,2.2300,0,,0.0000,0.0000
scene_01058_391620_2,51,-0.3347,-0.2696,1.1340,1.8000,1,tmpa2wymy7t.ply,0.6672,92.2127
scene_01058_391620_2,75,0.7700,-1.8622,7.3789,0.7877,0,,0.0000,0.0000
scene_01058_391620_2,76,-1.1792,0.6017,7.2240,1.2044,0,,0.0000,0.0000
scene_01058_391620_2,79,-0.1088,-0.5396,7.8106,2.5000,0,,0.0000,0.0000
scene_01058_391620_2,84,1.2256,-1.2534,5.9421,0.8934,0,,0.0000,0.0000
scene_01058_391620_2,89,-1.2297,1.4779,7.3849,1.3551,0,,0.0000,0.0000
scene_01058_391620_2,130,-0.6496,1.2786,6.1218,1.0719,0,,0.0000,0.0000
scene_01058_391620_2,143,-1.1418,0.0961,7.1888,0.8241,0,,0.0000,0.0000
scene_01058_391620_2,156,-0.2087,-0.7502,6.5736,2.2000,0,,0.0000,0.0000
scene_01058_391620_2,169,-0.1297,-0.6572,8.0000,2.4000,0,,0.0000,0.0000
scene_01058_391620_2,196,-0.7514,-0.7610,5.0870,0.4870,0,,0.0000,0.0000
scene_01058_391620_2,197,-0.1544,1.0833,4.9643,1.2228,0,,0.0000,0.0000
scene_01058_391620_2,225,-1.0401,1.2937,6.0714,1.4589,0,,0.0000,0.0000
scene_01058_391620_2,236,-0.4861,0.0652,1.5166,0.0861,1,tmpkclxizxv.ply,1.0048,74.2774
scene_01058_391620_2,240,-1.2090,0.6013,3.9039,0.9504,0,,0.0000,0.0000
scene_01058_391620_2,241,-1.2316,0.6875,6.1758,0.9504,0,,0.0000,0.0000
scene_01058_391620_2,245,-0.0402,1.0740,7.2207,1.2172,0,,0.0000,0.0000
scene_01058_391620_2,288,0.7691,1.0336,7.2302,0.0880,0,,0.0000,0.0000
scene_01058_391620_2,289,1.0209,0.0736,7.2691,0.0880,0,,0.0000,0.0000
scene_01058_391620_2,290,1.2666,-0.8631,7.3071,0.0880,0,,0.0000,0.0000
scene_01058_391620_2,291,1.0656,0.4945,3.6015,0.0880,0,,0.0000,0.0000
scene_01058_391620_2,292,1.3568,-0.6160,3.6465,0.0880,0,,0.0000,0.0000
scene_01058_391620_2,294,0.8756,1.2191,5.7086,0.0880,0,,0.0000,0.0000
scene_01058_391620_2,295,1.3310,-0.5174,6.2456,0.0880,0,,0.0000,0.0000
scene_01058_391620_2,296,1.0397,0.5931,6.2006,0.0880,0,,0.0000,0.0000
scene_01058_391620_2,298,1.4861,-1.1090,5.8029,0.0880,0,,0.0000,0.0000
scene_01058_391620_2,305,0.5832,1.7427,6.9832,0.0880,0,,0.0000,0.0000
scene_01058_397364_1,76,-1.1090,0.3734,3.6594,1.2044,0,,0.0000,0.0000
scene_01058_397364_1,79,-0.1843,-0.9573,4.0673,2.5000,0,,0.0000,0.0000
scene_01058_397364_1,143,-1.1373,-0.1245,3.5614,0.8241,1,tmp9dnmv5kj.ply,1.1161,43.8976
scene_01058_397364_1,245,0.0809,0.6961,3.6773,1.2172,1,tmpgb5qwvyx.ply,0.6422,80.2713
scene_01058_397364_1,288,0.8785,0.5539,3.6559,0.0880,1,tmpk8no6ann.ply,1.4270,415.6166
scene_01058_397364_1,289,1.0057,-0.4274,3.5690,0.0880,1,tmpigks_xxy.ply,1.8831,291.3477
scene_01058_397364_0,76,-1.1040,-0.0373,3.4214,1.2044,1,tmp9atf9ftl.ply,1.1302,64.5225
scene_01058_397364_0,89,-1.0631,0.7782,3.7813,1.3551,0,,0.0000,0.0000
scene_01058_397364_0,143,-1.1172,-0.5220,3.2691,0.8241,0,,0.0000,0.0000
scene_01058_397364_0,245,0.0744,0.3238,3.4579,1.2172,0,,0.0000,0.0000
scene_01058_397364_0,288,0.8758,0.2133,3.4093,0.0880,0,,0.0000,0.0000
scene_01058_397364_0,289,1.0346,-0.7472,3.2123,0.0880,0,,0.0000,0.0000
scene_01058_397364_2,42,-0.4197,-0.5079,2.0112,0.7986,1,tmp53sqewn9.ply,0.8651,76.1463
scene_01058_397364_2,79,0.3725,0.2143,2.5933,2.5000,1,tmpo3uffj_e.ply,0.5894,81.8978
scene_01058_397364_2,156,0.2806,0.3394,1.3441,2.2000,1,tmpme9v2wrb.ply,0.4997,93.6895
scene_01058_397364_2,169,0.2342,0.2138,2.7694,2.4000,1,tmp67aeu9wd.ply,0.5033,78.9501
scene_01058_397364_3,42,0.3391,-0.6227,3.9920,0.7986,0,,0.0000,0.0000
scene_01058_397364_3,75,0.5786,-1.0175,4.0276,0.7877,0,,0.0000,0.0000
scene_01058_397364_3,79,-0.3002,0.3052,4.4593,2.5000,0,,0.0000,0.0000
scene_01058_397364_3,143,-1.3332,0.9408,3.8375,0.8241,0,,0.0000,0.0000
scene_01058_397364_3,156,-0.4001,0.0945,3.2223,2.2000,0,,0.0000,0.0000
scene_01058_397364_3,169,-0.3211,0.1875,4.6487,2.4000,0,,0.0000,0.0000
scene_01058_397364_3,289,0.8295,0.9183,3.9178,0.0880,0,,0.0000,0.0000
scene_01058_397364_3,290,1.0752,-0.0184,3.9558,0.0880,0,,0.0000,0.0000
scene_01058_388417_1,212,0.7964,0.3598,2.0581,1.2409,1,tmpxe6ynilu.ply,0.4087,95.7098
scene_01058_388417_1,216,0.8105,0.3773,4.5139,2.0352,1,tmpc36izizn.ply,1.3530,87.1244
scene_01058_388417_1,262,-1.0318,-0.3071,4.6235,0.3262,1,tmpcb8w3c1t.ply,0.5384,88.0765
scene_01058_388417_1,283,-1.1947,-0.5381,3.6086,0.0880,1,tmpqm3d9g7e.ply,0.5562,112.9265
scene_01058_388417_0,32,-0.2354,-0.0014,2.8640,2.5581,1,tmphz1wl_od.ply,0.1951,87.0569
scene_01058_388417_0,37,-0.2084,-0.8778,4.5017,0.8501,1,tmp_t1wlsbn.ply,0.5574,55.6385
scene_01058_388417_0,91,0.6103,0.3211,5.5886,0.1429,1,tmp_3jrqkrb.ply,1.1231,231.9763
scene_01058_388417_0,94,0.0745,-0.4608,5.5886,0.1429,1,tmpdfn0l9kp.ply,0.9307,205.2498
scene_01058_388417_0,99,0.5997,0.3285,5.2078,0.1429,1,tmp5jsjbif8.ply,1.3643,237.1142
scene_01058_388417_0,102,0.0767,-0.4623,5.6641,0.1429,1,tmp7m8cahkv.ply,0.5596,39.0929
scene_01058_388417_0,111,0.6125,0.3197,5.6641,0.1429,1,tmpd5l483tt.ply,1.0253,1030.6892
scene_01058_388417_0,116,0.0639,-0.4535,5.2078,0.1429,1,tmp2ij68e0v.ply,0.9007,542.9254
scene_01058_388417_0,275,-0.4988,-0.9455,3.7795,0.0880,1,tmpkeaha90n.ply,0.7142,882.5681
scene_01058_388417_2,81,0.3543,-0.2234,5.1745,2.7500,1,tmpds1u300d.ply,1.8868,96.1366
scene_01058_388417_2,86,-0.1650,-0.1376,1.5696,0.6030,1,tmp2bpqprfh.ply,1.3278,81.4512
scene_01058_388417_2,89,1.1324,-1.1600,4.6961,1.3551,0,,0.0000,0.0000
scene_01058_388417_2,153,-0.8472,-0.8829,4.3656,2.1161,1,tmpt6x2xgip.ply,0.6862,95.1402
scene_01058_388417_2,168,0.4148,-0.4214,5.3460,2.5600,0,,0.0000,0.0000
scene_01058_388417_2,213,-1.5117,-0.6655,5.2246,0.9099,1,tmp16z_l2dv.ply,1.5922,90.1791
scene_01058_388417_3,1,0.9534,-0.2752,4.5667,0.8733,1,tmpcx3uqgwe.ply,1.5564,44.2664
scene_01058_388417_3,37,0.4142,-1.7245,6.7805,0.8501,1,tmpcxeapzug.ply,1.8578,57.6743
scene_01058_388417_3,44,0.0907,1.6492,7.7206,1.8946,0,,0.0000,0.0000
scene_01058_388417_3,75,0.9395,1.5980,7.7628,0.7877,0,,0.0000,0.0000
scene_01058_388417_3,91,-0.9685,-1.2802,7.8666,0.1429,1,tmpwy97b9k0.ply,1.3403,296.2258
scene_01058_388417_3,94,-0.0750,-1.5966,7.8666,0.1429,0,,0.0000,0.0000
scene_01058_388417_3,99,-0.9681,-1.2791,7.4856,0.1429,0,,0.0000,0.0000
scene_01058_388417_3,102,-0.0750,-1.5968,7.9422,0.1429,1,tmpbtqd2xa1.ply,1.3944,567.2669
scene_01058_388417_3,111,-0.9686,-1.2804,7.9422,0.1429,1,tmpp1bk8qxo.ply,0.8576,251.9805
scene_01058_388417_3,116,-0.0745,-1.5954,7.4856,0.1429,0,,0.0000,0.0000
scene_01058_388417_3,212,-1.0290,0.0546,5.0961,1.2409,1,tmp9kuch8bg.ply,0.6689,87.1706
scene_01058_388417_3,216,-0.9780,0.2556,7.5432,2.0352,1,tmp6gb9m3tl.ply,1.7510,85.7065
scene_01058_388417_3,255,-1.0615,0.0056,3.7035,0.9219,1,tmpx23w_crd.ply,0.1718,86.2209
scene_01058_388417_3,262,0.8949,-0.3410,7.6477,0.3262,1,tmpddqa_bx4.ply,1.2028,8.2359
scene_01058_388417_3,277,0.7423,-1.4574,6.6183,0.0880,1,tmpa3mxbsbq.ply,1.8753,279.5478
scene_01058_388417_3,278,1.5037,0.6934,6.6256,0.0880,0,,0.0000,0.0000
scene_01058_388417_3,281,1.6907,1.2216,6.0621,0.0880,0,,0.0000,0.0000
scene_01058_388417_3,283,1.1355,-0.3466,6.6221,0.0880,1,tmpn6zjppjy.ply,1.5931,540.8642
scene_01058_392261_4,168,0.6520,0.3842,1.9900,2.5600,1,tmph_9qsgds.ply,0.1494,93.2729
scene_01058_392261_2,81,-0.0801,-0.5083,3.2905,2.7500,1,tmp4berdwa6.ply,0.4993,90.6600
scene_01058_392261_2,168,-0.2405,-0.6321,3.4673,2.5600,1,tmp7_3wds4m.ply,0.3556,62.7301
scene_01058_392261_3,76,-1.1077,0.8165,3.2661,1.2044,1,tmpb7at641e.ply,0.2846,81.8202
scene_01058_392261_3,81,0.9895,0.5966,3.7489,2.7500,1,tmp20cfjnkx.ply,1.5579,80.9490
scene_01058_392261_3,130,-0.3840,0.3364,2.1709,1.0719,1,tmpk_5jvwj1.ply,0.5932,52.6108
scene_01058_392261_3,168,0.8570,0.7369,3.9361,2.5600,1,tmp0heaz031.ply,1.4216,50.0379
scene_01058_392261_3,245,-0.5627,-0.2895,3.2650,1.2172,1,tmpy46phwds.ply,0.5684,86.9869
scene_01058_395108_1,142,-1.1037,-0.9944,4.1118,0.4650,0,,0.0000,0.0000
scene_01058_395108_1,175,-0.0160,0.1967,0.8103,1.2000,1,tmp1q1dqpov.ply,1.2414,90.9555
scene_01058_395108_1,213,-0.8304,-1.2836,5.5338,0.9099,0,,0.0000,0.0000
scene_01058_395108_1,223,-0.5189,-0.1757,1.6227,0.0861,1,tmp01pbkrz5.ply,0.5643,214.5567
scene_01058_395108_1,224,-0.7814,-0.7337,4.1207,0.0861,0,,0.0000,0.0000
scene_01058_395108_1,239,-0.7777,-0.7556,4.2305,0.0861,0,,0.0000,0.0000
scene_01058_395108_1,299,1.1493,-0.7307,5.0002,0.0880,0,,0.0000,0.0000
scene_01058_395108_1,300,1.1173,-0.5373,4.0320,0.0880,0,,0.0000,0.0000
scene_01058_395108_1,303,1.0862,-0.3491,3.0898,0.0880,1,tmppvd0e8re.ply,1.8087,0.2474
scene_01058_395108_0,213,1.0731,-0.7081,4.5294,0.9099,0,,0.0000,0.0000
scene_01058_395108_0,239,0.6082,-0.7997,3.2043,0.0861,0,,0.0000,0.0000
scene_01058_395108_0,299,-0.0645,1.0010,3.9864,0.0880,0,,0.0000,0.0000
scene_01058_395108_2,81,-0.4014,0.1178,4.2361,2.7500,0,,0.0000,0.0000
scene_01058_395108_2,89,-1.3683,0.9300,3.8940,1.3551,0,,0.0000,0.0000
scene_01058_395108_2,168,-0.4681,0.3016,4.4208,2.5600,0,,0.0000,0.0000
scene_01058_395108_2,213,1.3663,0.8424,4.0631,0.9099,0,,0.0000,0.0000
scene_01058_388337_1,4,1.3738,-0.9077,3.7094,0.1507,0,,0.0000,0.0000
scene_01058_388337_1,7,0.7527,0.1056,2.9278,0.1507,1,tmpcb5eiyd7.ply,1.0376,42.5716
scene_01058_388337_1,13,0.8133,0.1812,3.3745,0.1507,0,,0.0000,0.0000
scene_01058_388337_1,14,0.8240,0.1804,3.4620,0.1507,0,,0.0000,0.0000
scene_01058_388337_1,15,0.8726,0.0965,3.9086,0.1507,0,,0.0000,0.0000
scene_01058_388337_1,20,0.7389,1.0597,7.8401,0.6766,0,,0.0000,0.0000
scene_01058_388337_1,31,2.3951,-0.5368,7.2708,1.2247,0,,0.0000,0.0000
scene_01058_388337_1,38,0.4423,-0.5849,2.6630,0.2494,1,tmp8ajf644v.ply,1.5224,62.1390
scene_01058_388337_1,40,0.6753,-0.5961,3.1874,0.4543,1,tmpokmz5kql.ply,1.2045,72.1270
scene_01058_388337_1,41,0.6567,-0.5169,3.6592,0.3286,0,,0.0000,0.0000
scene_01058_388337_1,42,2.3019,-0.0350,9.9857,0.7986,0,,0.0000,0.0000
scene_01058_388337_1,43,1.5925,0.0767,4.2667,0.7986,0,,0.0000,0.0000
scene_01058_388337_1,44,2.9196,-0.7693,9.8799,1.8946,0,,0.0000,0.0000
scene_01058_388337_1,49,0.3282,-1.0479,7.9806,2.2300,0,,0.0000,0.0000
scene_01058_388337_1,51,-0.0879,-0.3895,4.0779,1.8000,0,,0.0000,0.0000
scene_01058_388337_1,61,0.7055,-0.4685,4.0901,0.4810,0,,0.0000,0.0000
scene_01058_388337_1,62,1.0876,-0.6075,4.0812,0.4086,0,,0.0000,0.0000
scene_01058_388337_1,66,-2.5144,-1.1121,7.4335,0.2680,0,,0.0000,0.0000
scene_01058_388337_1,70,2.2384,0.2559,5.8116,0.5000,0,,0.0000,0.0000
scene_01058_388337_1,72,2.2906,0.1116,6.9641,0.3600,0,,0.0000,0.0000
scene_01058_388337_1,75,2.7532,0.0628,9.9497,0.7877,0,,0.0000,0.0000
scene_01058_388337_1,76,-0.1988,-0.9787,10.2586,1.2044,0,,0.0000,0.0000
scene_01058_388337_1,77,-1.0472,0.1546,7.1909,1.6200,0,,0.0000,0.0000
scene_01058_388337_1,79,1.3049,-0.3440,10.6169,2.5000,0,,0.0000,0.0000
scene_01058_388337_1,81,-1.9567,0.0271,11.0189,2.7500,0,,0.0000,0.0000
scene_01058_388337_1,84,2.1022,0.7087,8.6076,0.8934,0,,0.0000,0.0000
scene_01058_388337_1,86,-2.4291,0.0078,7.4066,0.6030,0,,0.0000,0.0000
scene_01058_388337_1,89,-1.0068,-0.7439,10.5554,1.3551,0,,0.0000,0.0000
scene_01058_388337_1,130,-0.8359,-0.2447,9.2541,1.0719,0,,0.0000,0.0000
scene_01058_388337_1,139,0.6915,0.2562,3.4323,0.8909,0,,0.0000,0.0000
scene_01058_388337_1,143,0.2794,-1.1071,10.1438,0.8241,0,,0.0000,0.0000
scene_01058_388337_1,150,1.1806,0.0436,4.5693,1.6960,0,,0.0000,0.0000
scene_01058_388337_1,152,0.6430,-0.6996,3.4387,0.7685,0,,0.0000,0.0000
scene_01058_388337_1,153,-2.9976,-0.8510,10.1954,2.1161,0,,0.0000,0.0000
scene_01058_388337_1,154,-3.1674,-0.8383,8.8058,2.1161,0,,0.0000,0.0000
scene_01058_388337_1,156,1.2714,-0.4919,9.3674,2.2000,0,,0.0000,0.0000
scene_01058_388337_1,160,2.2896,-1.2029,7.5222,0.3765,0,,0.0000,0.0000
scene_01058_388337_1,162,-0.6895,-0.4194,2.9068,2.0500,1,tmp8rr5i2ri.ply,0.9936,82.6800
scene_01058_388337_1,163,-0.6075,0.9448,3.7992,0.6018,0,,0.0000,0.0000
scene_01058_388337_1,165,2.3610,-1.2946,6.8161,0.5987,0,,0.0000,0.0000
scene_01058_388337_1,167,2.5244,-1.1600,8.2600,0.5693,0,,0.0000,0.0000
scene_01058_388337_1,168,-1.8619,-0.1555,11.1920,2.5600,0,,0.0000,0.0000
scene_01058_388337_1,169,1.4383,-0.4042,10.7864,2.4000,0,,0.0000,0.0000
scene_01058_388337_1,173,-2.1580,-1.3273,9.2843,1.8161,0,,0.0000,0.0000
scene_01058_388337_1,174,-0.6092,0.0509,1.8496,1.2000,1,tmpu8nory11.ply,0.6656,90.8151
scene_01058_388337_1,180,0.0153,0.0540,1.0756,1.2000,1,tmp04tazb75.ply,0.1874,85.4669
scene_01058_388337_1,187,2.6786,-0.7853,8.7278,1.8265,0,,0.0000,0.0000
scene_01058_388337_1,189,0.0731,-0.1684,3.4708,0.5007,1,tmpdu8s2iho.ply,0.8922,76.6753
scene_01058_388337_1,190,-2.3657,1.0819,9.3306,0.9418,0,,0.0000,0.0000
scene_01058_388337_1,191,2.2448,-1.3343,6.1016,0.2799,0,,0.0000,0.0000
scene_01058_388337_1,194,-2.4766,-0.6616,7.4592,0.3164,0,,0.0000,0.0000
scene_01058_388337_1,196,0.8686,-0.9908,7.9204,0.4870,0,,0.0000,0.0000
scene_01058_388337_1,197,-0.6792,0.1742,8.0612,1.2228,0,,0.0000,0.0000
scene_01058_388337_1,198,1.3817,-0.6103,4.1725,0.2906,0,,0.0000,0.0000
scene_01058_388337_1,202,-2.3403,0.7760,7.4047,0.4174,0,,0.0000,0.0000
scene_01058_388337_1,210,-1.2305,-0.1660,4.2157,0.7671,0,,0.0000,0.0000
scene_01058_388337_1,213,-3.7041,-0.7639,11.0438,0.9099,0,,0.0000,0.0000
scene_01058_388337_1,225,-0.9840,-0.6086,9.2227,1.4589,0,,0.0000,0.0000
scene_01058_388337_1,226,0.1724,-0.4662,4.4448,0.0861,0,,0.0000,0.0000
scene_01058_388337_1,231,0.7774,-0.4115,4.3714,0.0861,0,,0.0000,0.0000
scene_01058_388337_1,234,0.8627,-0.4180,4.3609,0.0861,0,,0.0000,0.0000
scene_01058_388337_1,235,0.9519,-0.4247,4.3500,0.0861,0,,0.0000,0.0000
scene_01058_388337_1,236,-0.3879,-0.4286,4.5136,0.0861,0,,0.0000,0.0000
scene_01058_388337_1,240,-0.7392,-0.9670,6.9827,0.9504,0,,0.0000,0.0000
scene_01058_388337_1,241,-0.4634,-0.9878,9.2394,0.9504,0,,0.0000,0.0000
scene_01058_388337_1,245,-0.2728,0.2519,10.2822,1.2172,0,,0.0000,0.0000
scene_01058_388337_1,247,-0.8582,-0.4317,4.6905,2.0000,0,,0.0000,0.0000
scene_01058_388337_1,248,-2.4305,-0.3132,6.5734,2.0000,0,,0.0000,0.0000
scene_01058_388337_1,249,-1.7356,-0.3656,5.9516,2.0000,0,,0.0000,0.0000
scene_01058_388337_1,251,1.2237,-0.5886,5.5862,2.0000,0,,0.0000,0.0000
scene_01058_388337_1,261,1.1491,-1.5655,7.2338,1.4583,0,,0.0000,0.0000
scene_01058_388337_1,265,-0.2247,-0.0610,2.3763,1.5168,1,tmp8hv9ubuz.ply,0.4666,82.7023
scene_01058_388337_1,278,3.3394,0.8548,8.7418,0.0880,0,,0.0000,0.0000
scene_01058_388337_1,281,2.7180,0.9016,8.2487,0.0880,0,,0.0000,0.0000
scene_01058_388337_1,285,-0.2882,1.3287,5.2413,0.0880,0,,0.0000,0.0000
scene_01058_388337_1,287,1.0517,1.2278,5.0756,0.0880,0,,0.0000,0.0000
scene_01058_388337_1,288,0.0273,1.0041,10.2525,0.0880,0,,0.0000,0.0000
scene_01058_388337_1,289,1.0104,0.9300,10.1317,0.0880,0,,0.0000,0.0000
scene_01058_388337_1,290,1.9697,0.8577,10.0138,0.0880,0,,0.0000,0.0000
scene_01058_388337_1,291,0.0454,1.1532,6.5751,0.0880,0,,0.0000,0.0000
scene_01058_388337_1,292,1.1826,1.0675,6.4353,0.0880,0,,0.0000,0.0000
scene_01058_388337_1,293,1.8248,1.0191,6.8095,0.0880,0,,0.0000,0.0000
scene_01058_388337_1,294,-0.3549,1.1833,8.7750,0.0880,0,,0.0000,0.0000
scene_01058_388337_1,295,1.4981,1.0437,9.0171,0.0880,0,,0.0000,0.0000
scene_01058_388337_1,296,0.3609,1.1294,9.1568,0.0880,0,,0.0000,0.0000
scene_01058_388337_1,297,-0.5593,1.1987,7.1024,0.0880,0,,0.0000,0.0000
scene_01058_388337_1,298,2.0292,1.0037,8.4820,0.0880,0,,0.0000,0.0000
scene_01058_388337_1,299,-3.7306,1.2873,10.4946,0.0880,0,,0.0000,0.0000
scene_01058_388337_1,301,-1.6524,1.1307,6.7233,0.0880,0,,0.0000,0.0000
scene_01058_388337_1,302,-0.8536,1.0705,9.1457,0.0880,0,,0.0000,0.0000
scene_01058_388337_1,304,-0.9702,1.0793,8.1915,0.0880,0,,0.0000,0.0000
scene_01058_388337_1,305,-0.7337,1.0615,10.1263,0.0880,0,,0.0000,0.0000
scene_01058_388337_1,316,2.5352,0.9154,6.8228,0.1050,0,,0.0000,0.0000
scene_01058_388337_1,324,2.3566,0.0359,7.3764,0.1449,0,,0.0000,0.0000
scene_01058_388337_1,325,2.3793,0.0434,7.5985,0.2217,0,,0.0000,0.0000
scene_01058_388337_0,1,-1.6513,-0.1922,7.0833,0.8733,0,,0.0000,0.0000
scene_01058_388337_0,4,1.1269,-0.0233,3.8448,0.1507,0,,0.0000,0.0000
scene_01058_388337_0,8,0.5595,0.3655,3.8661,0.1507,0,,0.0000,0.0000
scene_01058_388337_0,31,0.5235,-0.1512,7.5168,1.2247,0,,0.0000,0.0000
scene_01058_388337_0,32,-2.8712,1.5313,7.7154,2.5581,0,,0.0000,0.0000
scene_01058_388337_0,33,0.7745,-0.0740,4.3349,0.2359,0,,0.0000,0.0000
scene_01058_388337_0,34,-0.0291,0.2641,1.1012,2.2189,1,tmpf4f3lakx.ply,0.3800,75.9907
scene_01058_388337_0,37,-2.8442,0.6550,9.3530,0.8501,0,,0.0000,0.0000
scene_01058_388337_0,42,0.6989,-0.8694,10.1785,0.7986,0,,0.0000,0.0000
scene_01058_388337_0,43,0.5167,-0.8150,4.4178,0.7986,0,,0.0000,0.0000
scene_01058_388337_0,44,0.5261,0.0803,10.1782,1.8946,0,,0.0000,0.0000
scene_01058_388337_0,49,2.6386,-0.7942,7.9039,2.2300,0,,0.0000,0.0000
scene_01058_388337_0,59,0.0495,0.3039,3.9006,0.1304,0,,0.0000,0.0000
scene_01058_388337_0,61,1.5265,-0.7670,4.1123,0.4810,0,,0.0000,0.0000
scene_01058_388337_0,62,1.2685,-0.4570,4.1643,0.4086,0,,0.0000,0.0000
scene_01058_388337_0,64,0.1668,0.8995,3.6355,0.9492,0,,0.0000,0.0000
scene_01058_388337_0,70,0.0723,-0.7859,6.0418,0.5000,0,,0.0000,0.0000
scene_01058_388337_0,72,0.2478,-0.7366,7.1901,0.3600,0,,0.0000,0.0000
scene_01058_388337_0,75,0.2592,-0.7275,10.2117,0.7877,0,,0.0000,0.0000
scene_01058_388337_0,76,3.3463,-1.3148,10.0719,1.2044,0,,0.0000,0.0000
scene_01058_388337_0,79,1.7876,-1.1509,10.6513,2.5000,0,,0.0000,0.0000
scene_01058_388337_0,84,0.3195,-1.4902,8.7775,0.8934,0,,0.0000,0.0000
scene_01058_388337_0,89,3.9573,-1.9436,10.2372,1.3551,0,,0.0000,0.0000
scene_01058_388337_0,91,-2.0255,1.8539,10.4399,0.1429,0,,0.0000,0.0000
scene_01058_388337_0,94,-2.5613,1.0719,10.4399,0.1429,0,,0.0000,0.0000
scene_01058_388337_0,99,-2.0362,1.8612,10.0591,0.1429,0,,0.0000,0.0000
scene_01058_388337_0,101,-0.1856,0.7077,4.4517,0.1429,0,,0.0000,0.0000
scene_01058_388337_0,102,-2.5592,1.0704,10.5155,0.1429,0,,0.0000,0.0000
scene_01058_388337_0,103,0.0507,1.0623,4.2896,0.1429,0,,0.0000,0.0000
scene_01058_388337_0,111,-2.0234,1.8524,10.5155,0.1429,0,,0.0000,0.0000
scene_01058_388337_0,116,-2.5720,1.0792,10.0591,0.1429,0,,0.0000,0.0000
scene_01058_388337_0,129,0.9586,0.3232,4.1270,0.6163,0,,0.0000,0.0000
scene_01058_388337_0,130,3.3937,-2.1765,8.9724,1.0719,0,,0.0000,0.0000
scene_01058_388337_0,136,-0.3052,0.2914,1.9121,0.2640,1,tmpurw674ni.ply,0.8000,285.7938
scene_01058_388337_0,143,2.9872,-0.9571,10.0340,0.8241,0,,0.0000,0.0000
scene_01058_388337_0,150,0.9244,-1.0167,4.6532,1.6960,0,,0.0000,0.0000
scene_01058_388337_0,156,1.7305,-0.9300,9.4134,2.2000,0,,0.0000,0.0000
scene_01058_388337_0,160,0.9806,0.3505,7.7566,0.3765,0,,0.0000,0.0000
scene_01058_388337_0,165,0.8751,0.5270,7.0712,0.5987,0,,0.0000,0.0000
scene_01058_388337_0,167,0.8528,0.3649,8.5213,0.5693,0,,0.0000,0.0000
scene_01058_388337_0,169,1.7255,-1.0478,10.8401,2.4000,0,,0.0000,0.0000
scene_01058_388337_0,184,0.1057,0.7774,4.1135,0.3996,0,,0.0000,0.0000
scene_01058_388337_0,185,-0.1233,0.3757,4.1132,0.3996,0,,0.0000,0.0000
scene_01058_388337_0,187,0.5926,0.0761,9.0030,1.8265,0,,0.0000,0.0000
scene_01058_388337_0,191,0.9029,0.5666,6.3478,0.2799,0,,0.0000,0.0000
scene_01058_388337_0,196,2.1401,-0.5710,7.9275,0.4870,0,,0.0000,0.0000
scene_01058_388337_0,198,1.0300,-0.3171,4.3000,0.2906,0,,0.0000,0.0000
scene_01058_388337_0,200,-0.0785,0.1461,4.4294,0.5100,0,,0.0000,0.0000
scene_01058_388337_0,212,-0.8058,1.6273,7.6253,1.2409,0,,0.0000,0.0000
scene_01058_388337_0,216,-0.5498,1.4749,10.0631,2.0352,0,,0.0000,0.0000
scene_01058_388337_0,218,-0.5203,-0.4673,3.6709,0.8189,0,,0.0000,0.0000
scene_01058_388337_0,220,-0.1608,0.1925,1.9071,0.0861,1,tmpy7baxym4.ply,0.4158,285.4323
scene_01058_388337_0,221,-0.0898,0.1439,1.9042,0.0861,1,tmpfd7xbv1h.ply,0.6989,41.3057
scene_01058_388337_0,231,1.4724,-0.8054,4.4006,0.0861,0,,0.0000,0.0000
scene_01058_388337_0,232,0.2523,0.0306,4.4509,0.0861,0,,0.0000,0.0000
scene_01058_388337_0,233,0.3241,-0.0186,4.4479,0.0861,0,,0.0000,0.0000
scene_01058_388337_0,234,1.4014,-0.7567,4.4036,0.0861,0,,0.0000,0.0000
scene_01058_388337_0,235,1.3271,-0.7058,4.4066,0.0861,0,,0.0000,0.0000
scene_01058_388337_0,241,3.4466,-1.3484,9.0242,0.9504,0,,0.0000,0.0000
scene_01058_388337_0,245,2.7944,-2.4174,10.0694,1.2172,0,,0.0000,0.0000
scene_01058_388337_0,251,1.3354,-0.5381,5.6719,2.0000,0,,0.0000,0.0000
scene_01058_388337_0,261,2.1011,0.1249,7.2993,1.4583,0,,0.0000,0.0000
scene_01058_388337_0,262,-1.6054,-0.1833,10.1651,0.3262,0,,0.0000,0.0000
scene_01058_388337_0,266,0.3687,0.1428,4.2518,0.2795,0,,0.0000,0.0000
scene_01058_388337_0,270,-1.6319,-0.3213,4.5244,0.0880,0,,0.0000,0.0000
scene_01058_388337_0,275,-3.1346,0.5872,8.6308,0.0880,0,,0.0000,0.0000
scene_01058_388337_0,276,-0.3940,-1.2906,5.6502,0.0880,0,,0.0000,0.0000
scene_01058_388337_0,277,-2.6757,0.2727,9.1775,0.0880,0,,0.0000,0.0000
scene_01058_388337_0,278,-0.7946,-1.0161,9.1000,0.0880,0,,0.0000,0.0000
scene_01058_388337_0,280,-0.9094,-0.9375,5.0073,0.0880,0,,0.0000,0.0000
scene_01058_388337_0,281,-0.3499,-1.3208,8.5161,0.0880,0,,0.0000,0.0000
scene_01058_388337_0,283,-1.7042,-0.3929,9.1374,0.0880,0,,0.0000,0.0000
scene_01058_388337_0,284,-1.7827,-0.3391,5.0432,0.0880,0,,0.0000,0.0000
scene_01058_388337_0,289,1.3372,-2.3556,10.1115,0.0880,0,,0.0000,0.0000
scene_01058_388337_0,290,0.5381,-1.8081,10.1444,0.0880,0,,0.0000,0.0000
scene_01058_388337_0,293,0.1705,-1.7380,6.9546,0.0880,0,,0.0000,0.0000
scene_01058_388337_0,295,0.7203,-2.1147,9.0846,0.0880,0,,0.0000,0.0000
scene_01058_388337_0,298,0.2177,-1.7703,8.6387,0.0880,0,,0.0000,0.0000
scene_01058_388337_0,316,-0.3832,-1.2980,7.0790,0.1050,0,,0.0000,0.0000
scene_01058_388337_0,324,0.2822,-0.6746,7.6085,0.1449,0,,0.0000,0.0000
scene_01058_388337_0,325,0.2875,-0.6893,7.8313,0.2217,0,,0.0000,0.0000
scene_01058_388337_2,3,-0.2423,-0.9096,4.1883,0.1507,0,,0.0000,0.0000
scene_01058_388337_2,4,0.1953,-0.9060,4.5019,0.1507,0,,0.0000,0.0000
scene_01058_388337_2,7,-0.3413,0.1484,3.7123,0.1507,0,,0.0000,0.0000
scene_01058_388337_2,8,0.8716,-1.0068,4.4241,0.1507,0,,0.0000,0.0000
scene_01058_388337_2,12,-0.3153,-0.8298,3.4306,0.1507,0,,0.0000,0.0000
scene_01058_388337_2,13,-0.2805,0.2203,4.1596,0.1507,0,,0.0000,0.0000
scene_01058_388337_2,14,-0.2709,0.2188,4.2472,0.1507,0,,0.0000,0.0000
scene_01058_388337_2,15,-0.2337,0.1324,4.6944,0.1507,0,,0.0000,0.0000
scene_01058_388337_2,20,-0.3422,1.1095,8.6232,0.6766,0,,0.0000,0.0000
scene_01058_388337_2,31,1.1999,-0.6043,8.0746,1.2247,0,,0.0000,0.0000
scene_01058_388337_2,33,0.5571,-0.7162,4.9492,0.2359,0,,0.0000,0.0000
scene_01058_388337_2,38,-0.6980,-0.5181,3.4445,0.2494,0,,0.0000,0.0000
scene_01058_388337_2,40,-0.4726,-0.5453,3.9716,0.4543,0,,0.0000,0.0000
scene_01058_388337_2,41,-0.4908,-0.4641,4.4430,0.3286,0,,0.0000,0.0000
scene_01058_388337_2,42,1.1122,-0.0924,10.7878,0.7986,0,,0.0000,0.0000
scene_01058_388337_2,43,0.4787,0.0609,5.0609,0.7986,0,,0.0000,0.0000
scene_01058_388337_2,44,1.6759,-0.8698,10.6898,1.8946,0,,0.0000,0.0000
scene_01058_388337_2,49,-0.9067,-0.9624,8.7608,2.2300,0,,0.0000,0.0000
scene_01058_388337_2,51,-1.2289,-0.2822,4.8529,1.8000,0,,0.0000,0.0000
scene_01058_388337_2,59,1.3043,-0.7286,4.4027,0.1304,0,,0.0000,0.0000
scene_01058_388337_2,61,-0.4435,-0.4186,4.8744,0.4810,0,,0.0000,0.0000
scene_01058_388337_2,62,-0.0725,-0.5851,4.8701,0.4086,0,,0.0000,0.0000
scene_01058_388337_2,65,-0.8064,-0.4660,2.0684,0.2828,1,tmpu2xxgue4.ply,1.2629,95.7337
scene_01058_388337_2,70,1.1181,0.1952,6.6129,0.5000,0,,0.0000,0.0000
scene_01058_388337_2,72,1.1464,0.0495,7.7662,0.3600,0,,0.0000,0.0000
scene_01058_388337_2,75,1.5698,-0.0277,10.7570,0.7877,0,,0.0000,0.0000
scene_01058_388337_2,76,-1.4535,-0.8511,11.0325,1.2044,0,,0.0000,0.0000
scene_01058_388337_2,77,-2.1818,0.3357,7.9542,1.6200,0,,0.0000,0.0000
scene_01058_388337_2,79,0.0882,-0.3270,11.4077,2.5000,0,,0.0000,0.0000
scene_01058_388337_2,81,-3.1422,0.2813,11.7715,2.7500,0,,0.0000,0.0000
scene_01058_388337_2,84,0.9831,0.6615,9.4068,0.8934,0,,0.0000,0.0000
scene_01058_388337_2,89,-2.2457,-0.5576,11.3197,1.3551,0,,0.0000,0.0000
scene_01058_388337_2,101,1.7663,-0.9999,4.8874,0.1429,0,,0.0000,0.0000
scene_01058_388337_2,129,0.5349,-1.1494,4.7331,0.6163,0,,0.0000,0.0000
scene_01058_388337_2,130,-2.0239,-0.0744,10.0200,1.0719,0,,0.0000,0.0000
scene_01058_388337_2,139,-0.3972,0.3040,4.2159,0.8909,0,,0.0000,0.0000
scene_01058_388337_2,143,-0.9846,-1.0141,10.9234,0.8241,0,,0.0000,0.0000
scene_01058_388337_2,148,-1.1116,-0.8621,4.3080,0.1465,0,,0.0000,0.0000
scene_01058_388337_2,150,0.0620,0.0583,5.3586,1.6960,0,,0.0000,0.0000
scene_01058_388337_2,152,-0.5152,-0.6457,4.2225,0.7685,0,,0.0000,0.0000
scene_01058_388337_2,153,-4.2347,-0.5202,10.9367,2.1161,0,,0.0000,0.0000
scene_01058_388337_2,156,0.0583,-0.4742,10.1579,2.2000,0,,0.0000,0.0000
scene_01058_388337_2,160,1.0433,-1.2605,8.3253,0.3765,0,,0.0000,0.0000
scene_01058_388337_2,163,-1.6467,1.0859,4.5671,0.6018,0,,0.0000,0.0000
scene_01058_388337_2,164,-1.4582,-0.9566,4.0461,0.7981,0,,0.0000,0.0000
scene_01058_388337_2,165,1.1159,-1.3584,7.6202,0.5987,0,,0.0000,0.0000
scene_01058_388337_2,167,1.2721,-1.2336,9.0658,0.5693,0,,0.0000,0.0000
scene_01058_388337_2,168,-3.0630,0.0925,11.9458,2.5600,0,,0.0000,0.0000
scene_01058_388337_2,169,0.2149,-0.3964,11.5788,2.4000,0,,0.0000,0.0000
scene_01058_388337_2,173,-3.4216,-1.0579,10.0358,1.8161,0,,0.0000,0.0000
scene_01058_388337_2,185,1.5194,-0.7217,4.5868,0.3996,0,,0.0000,0.0000
scene_01058_388337_2,187,1.4477,-0.8703,9.5350,1.8265,0,,0.0000,0.0000
scene_01058_388337_2,189,-1.0452,-0.0744,4.2476,0.5007,0,,0.0000,0.0000
scene_01058_388337_2,190,-3.4539,1.3602,10.0776,0.9418,0,,0.0000,0.0000
scene_01058_388337_2,191,1.0054,-1.3907,6.9044,0.2799,0,,0.0000,0.0000
scene_01058_388337_2,196,-0.3630,-0.9449,8.7068,0.4870,0,,0.0000,0.0000
scene_01058_388337_2,197,-1.8234,0.3299,8.8287,1.2228,0,,0.0000,0.0000
scene_01058_388337_2,198,0.2196,-0.6092,4.9648,0.2906,0,,0.0000,0.0000
scene_01058_388337_2,200,1.4254,-0.5418,4.9237,0.5100,0,,0.0000,0.0000
scene_01058_388337_2,216,3.2198,-1.6485,10.3349,2.0352,0,,0.0000,0.0000
scene_01058_388337_2,218,1.4464,0.2192,4.1705,0.8189,0,,0.0000,0.0000
scene_01058_388337_2,225,-2.1977,-0.4266,9.9872,1.4589,0,,0.0000,0.0000
scene_01058_388337_2,226,-0.9791,-0.3770,5.2230,0.0861,0,,0.0000,0.0000
scene_01058_388337_2,231,-0.3709,-0.3666,5.1565,0.0861,0,,0.0000,0.0000
scene_01058_388337_2,232,1.0839,-0.5836,4.9936,0.0861,0,,0.0000,0.0000
scene_01058_388337_2,233,0.9983,-0.5709,5.0032,0.0861,0,,0.0000,0.0000
scene_01058_388337_2,234,-0.2862,-0.3793,5.1470,0.0861,0,,0.0000,0.0000
scene_01058_388337_2,235,-0.1976,-0.3925,5.1371,0.0861,0,,0.0000,0.0000
scene_01058_388337_2,236,-1.5359,-0.2985,5.2852,0.0861,0,,0.0000,0.0000
scene_01058_388337_2,240,-1.9539,-0.8057,7.7505,0.9504,0,,0.0000,0.0000
scene_01058_388337_2,241,-1.7063,-0.8427,10.0103,0.9504,0,,0.0000,0.0000
scene_01058_388337_2,245,-1.4380,0.3816,11.0542,1.2172,0,,0.0000,0.0000
scene_01058_388337_2,247,-2.0072,-0.2672,5.4566,2.0000,0,,0.0000,0.0000
scene_01058_388337_2,251,0.0473,-0.5736,6.3766,2.0000,0,,0.0000,0.0000
scene_01058_388337_2,261,-0.1172,-1.5396,8.0240,1.4583,0,,0.0000,0.0000
scene_01058_388337_2,262,3.4591,0.3022,10.4455,0.3262,0,,0.0000,0.0000
scene_01058_388337_2,266,1.0003,-0.7312,4.8013,0.2795,0,,0.0000,0.0000
scene_01058_388337_2,267,0.4102,0.8369,4.1911,0.1050,0,,0.0000,0.0000
scene_01058_388337_2,276,1.2601,0.8615,6.2111,0.0880,0,,0.0000,0.0000
scene_01058_388337_2,278,2.2260,0.7174,9.5552,0.0880,0,,0.0000,0.0000
scene_01058_388337_2,280,1.7801,0.7839,5.4851,0.0880,0,,0.0000,0.0000
scene_01058_388337_2,281,1.6153,0.8085,9.0549,0.0880,0,,0.0000,0.0000
scene_01058_388337_2,283,3.3105,0.5556,9.4338,0.0880,0,,0.0000,0.0000
scene_01058_388337_2,285,-1.3170,1.4481,6.0125,0.0880,0,,0.0000,0.0000
scene_01058_388337_2,287,0.0138,1.2496,5.8624,0.0880,0,,0.0000,0.0000
scene_01058_388337_2,288,-1.0836,1.1100,11.0273,0.0880,0,,0.0000,0.0000
scene_01058_388337_2,289,-0.1072,0.9643,10.9179,0.0880,0,,0.0000,0.0000
scene_01058_388337_2,290,0.8455,0.8222,10.8112,0.0880,0,,0.0000,0.0000
scene_01058_388337_2,291,-1.0124,1.2510,7.3502,0.0880,0,,0.0000,0.0000
scene_01058_388337_2,292,0.1170,1.0825,7.2237,0.0880,0,,0.0000,0.0000
scene_01058_388337_2,293,0.7497,0.9882,7.6053,0.0880,0,,0.0000,0.0000
scene_01058_388337_2,294,-1.4347,1.3140,9.5453,0.0880,0,,0.0000,0.0000
scene_01058_388337_2,295,0.4002,1.0403,9.8090,0.0880,0,,0.0000,0.0000
scene_01058_388337_2,296,-0.7292,1.2088,9.9354,0.0880,0,,0.0000,0.0000
scene_01058_388337_2,297,-1.6182,1.3414,7.8704,0.0880,0,,0.0000,0.0000
scene_01058_388337_2,298,0.9332,0.9608,9.2801,0.0880,0,,0.0000,0.0000
scene_01058_388337_2,301,-2.7089,1.3524,7.4787,0.0880,0,,0.0000,0.0000
scene_01058_388337_2,302,-1.9445,1.2384,9.9103,0.0880,0,,0.0000,0.0000
scene_01058_388337_2,304,-2.0492,1.2540,8.9548,0.0880,0,,0.0000,0.0000
scene_01058_388337_2,305,-1.8370,1.2224,10.8921,0.0880,0,,0.0000,0.0000
scene_01058_388337_2,316,1.4505,0.8331,7.6270,0.1050,0,,0.0000,0.0000
scene_01058_388337_2,324,1.2020,-0.0301,8.1792,0.1449,0,,0.0000,0.0000
scene_01058_388337_2,325,1.2226,-0.0240,8.4016,0.2217,0,,0.0000,0.0000
scene_02286_2194_1,2,-1.0037,0.8759,5.6847,0.9353,0,,0.0000,0.0000
scene_02286_2194_1,6,-0.8162,0.0779,7.4038,1.0877,0,,0.0000,0.0000
scene_02286_2194_1,9,0.5814,-0.2841,2.5528,2.0000,1,tmptzllifjp.ply,0.9960,72.1512
scene_02286_2194_1,13,-0.6659,-1.2287,5.3783,2.5042,1,tmp4hby82kj.ply,1.7274,95.7025
scene_02286_2194_1,19,-1.4908,0.0157,3.8908,0.9000,1,tmpfizk9xzu.ply,1.8388,79.1709
scene_02286_2194_1,20,-0.6215,0.2604,3.9085,0.9000,1,tmpi7ftq2lj.ply,1.0055,82.1796
scene_02286_2194_1,22,1.4614,-0.3867,7.3311,1.3258,0,,0.0000,0.0000
scene_02286_2194_1,24,1.2243,-0.9721,8.3686,1.0139,0,,0.0000,0.0000
scene_02286_2194_1,27,2.8591,1.2919,7.5449,1.9000,0,,0.0000,0.0000
scene_02286_2194_1,29,2.7122,0.0352,8.4337,1.4603,0,,0.0000,0.0000
scene_02286_2194_1,38,2.1343,-0.6774,5.8283,0.9393,0,,0.0000,0.0000
scene_02286_2194_1,39,2.2883,-0.6334,8.2425,1.2306,0,,0.0000,0.0000
scene_02286_2194_1,41,0.0359,-0.4376,3.1418,2.0000,1,tmpsb1gncsq.ply,0.9356,92.7907
scene_02286_2194_1,45,1.4454,0.4629,3.9756,0.4300,1,tmpengzsl9k.ply,0.9459,62.8753
scene_02286_2194_4,0,-0.3693,1.1153,6.8306,0.9023,0,,0.0000,0.0000
scene_02286_2194_4,10,1.4400,-0.7019,7.0563,2.4850,0,,0.0000,0.0000
scene_02286_2194_4,12,1.2261,-0.2570,5.2667,2.2611,0,,0.0000,0.0000
scene_02286_2194_4,16,-1.2253,-0.2354,5.0133,0.4290,0,,0.0000,0.0000
scene_02286_2194_4,17,-0.3868,-1.0537,5.0231,0.3961,0,,0.0000,0.0000
scene_02286_2194_4,21,2.1516,0.8823,8.4717,1.3258,0,,0.0000,0.0000
scene_02286_2194_4,22,-0.3644,-1.5093,8.3780,1.3258,0,,0.0000,0.0000
scene_02286_2194_4,24,-0.3109,-2.1474,9.4102,1.0139,0,,0.0000,0.0000
scene_02286_2194_4,27,0.0858,0.6255,8.6163,1.9000,0,,0.0000,0.0000
scene_02286_2194_4,29,0.5338,-0.5627,9.4984,1.4603,0,,0.0000,0.0000
scene_02286_2194_4,31,1.0455,-0.4646,8.1893,2.6147,0,,0.0000,0.0000
scene_02286_2194_4,34,1.7098,-0.2115,10.4273,0.4206,0,,0.0000,0.0000
scene_02286_2194_4,35,1.0761,-0.3195,6.9198,1.0657,0,,0.0000,0.0000
scene_02286_2194_4,36,2.2047,0.6531,7.0285,1.4435,0,,0.0000,0.0000
scene_02286_2194_4,38,0.3812,-1.4383,6.8830,0.9393,0,,0.0000,0.0000
scene_02286_2194_4,39,0.4731,-1.3501,9.2992,1.2306,0,,0.0000,0.0000
scene_02286_2194_4,45,-0.7421,-0.7341,5.0257,0.4300,0,,0.0000,0.0000
scene_02286_2194_4,46,0.1496,-0.3878,1.7084,1.0680,0,,0.0000,0.0000
scene_02286_2194_4,47,0.8165,0.2461,5.0646,1.0680,0,,0.0000,0.0000
scene_02286_2194_0,2,-1.5478,-0.2527,6.0266,0.9353,0,,0.0000,0.0000
scene_02286_2194_0,6,-0.9811,-0.8441,7.7461,1.0877,0,,0.0000,0.0000
scene_02286_2194_0,9,0.3267,-0.6219,2.8616,2.0000,1,tmprktida5v.ply,1.2863,77.2990
scene_02286_2194_0,16,0.3059,0.9681,4.2426,0.4290,0,,0.0000,0.0000
scene_02286_2194_0,17,1.1350,0.1404,4.2505,0.3961,0,,0.0000,0.0000
scene_02286_2194_0,20,-0.9637,-0.6602,4.2454,0.9000,1,tmpp7cqs71n.ply,1.6671,58.0793
scene_02286_2194_0,22,1.2553,-0.2198,7.6148,1.3258,0,,0.0000,0.0000
scene_02286_2194_0,24,1.3333,-0.8288,8.6629,1.0139,0,,0.0000,0.0000
scene_02286_2194_0,27,1.7366,1.9154,7.7777,1.9000,0,,0.0000,0.0000
scene_02286_2194_0,29,2.1981,0.7474,8.6797,1.4603,0,,0.0000,0.0000
scene_02286_2194_0,31,2.6704,0.8020,7.3534,2.6147,0,,0.0000,0.0000
scene_02286_2194_0,32,1.5430,-0.3045,4.2622,0.8100,0,,0.0000,0.0000
scene_02286_2194_0,34,3.4059,1.1107,9.5620,0.4206,0,,0.0000,0.0000
scene_02286_2194_0,38,1.9554,-0.2003,6.0965,0.9393,0,,0.0000,0.0000
scene_02286_2194_0,39,2.1224,-0.0445,8.5052,1.2306,0,,0.0000,0.0000
scene_02286_2194_0,43,0.8837,-0.1047,3.4500,2.0000,1,tmpobzw03sg.ply,0.7854,89.3165
scene_02286_2194_0,45,0.7837,0.4642,4.2546,0.4300,0,,0.0000,0.0000
scene_02286_2194_2,2,0.4844,0.9323,8.3833,0.9353,0,,0.0000,0.0000
scene_02286_2194_2,6,0.1511,0.1234,10.0751,1.0877,0,,0.0000,0.0000
scene_02286_2194_2,8,-1.9279,1.4092,9.1576,2.5000,0,,0.0000,0.0000
scene_02286_2194_2,9,-0.1584,-0.5822,5.0727,2.0000,1,tmp97pmjago.ply,0.5104,62.5655
scene_02286_2194_2,11,-1.8426,0.9880,7.7922,2.0000,0,,0.0000,0.0000
scene_02286_2194_2,13,-1.1798,-0.4111,8.1320,2.5042,0,,0.0000,0.0000
scene_02286_2194_2,16,1.5878,-0.5978,6.2501,0.4290,0,,0.0000,0.0000
scene_02286_2194_2,17,0.8224,-1.4849,6.2502,0.3961,0,,0.0000,0.0000
scene_02286_2194_2,19,-0.7551,1.1362,6.7655,0.9000,0,,0.0000,0.0000
scene_02286_2194_2,20,-0.1052,0.5303,6.6027,0.9000,0,,0.0000,0.0000
scene_02286_2194_2,22,0.8959,-2.0260,9.5916,1.3258,0,,0.0000,0.0000
scene_02286_2194_2,24,0.4295,-2.2739,10.6855,1.0139,0,,0.0000,0.0000
scene_02286_2194_2,27,3.0610,-2.3532,9.4422,1.9000,0,,0.0000,0.0000
scene_02286_2194_2,40,-2.5136,1.6135,9.9987,2.0000,0,,0.0000,0.0000
scene_02286_2194_2,41,-0.4786,-0.2837,5.7629,2.0000,1,tmpunbyr8b2.ply,1.9335,87.9546
scene_02286_2194_2,42,-1.0370,0.2369,2.8161,2.0000,1,tmprafi8bo2.ply,1.2629,36.8446
scene_02286_2194_2,43,0.4632,-1.1617,5.5219,2.0000,1,tmp2lpm29jq.ply,1.5554,87.5533
scene_02286_2194_2,45,1.1210,-1.1120,6.2607,0.4300,0,,0.0000,0.0000
scene_02286_2194_3,2,-2.1600,-1.2681,6.4385,0.9353,0,,0.0000,0.0000
scene_02286_2194_3,6,-1.3794,-1.5746,8.1486,1.0877,0,,0.0000,0.0000
scene_02286_2194_3,10,2.1141,0.5411,6.2489,2.4850,0,,0.0000,0.0000
scene_02286_2194_3,12,1.6688,0.7208,4.4556,2.2611,0,,0.0000,0.0000
scene_02286_2194_3,16,-0.7384,0.1924,4.4497,0.4290,0,,0.0000,0.0000
scene_02286_2194_3,17,0.2588,-0.4226,4.4532,0.3961,0,,0.0000,0.0000
scene_02286_2194_3,22,0.6415,-0.4727,7.8169,1.3258,0,,0.0000,0.0000
scene_02286_2194_3,24,0.9149,-0.9614,8.8948,1.0139,0,,0.0000,0.0000
scene_02286_2194_3,27,0.6243,1.7220,7.8030,1.9000,0,,0.0000,0.0000
scene_02286_2194_3,29,1.3915,0.7658,8.7453,1.4603,0,,0.0000,0.0000
scene_02286_2194_3,31,1.7657,0.8184,7.3879,2.6147,0,,0.0000,0.0000
scene_02286_2194_3,32,0.7585,-0.7611,4.4653,0.8100,0,,0.0000,0.0000
scene_02286_2194_3,34,2.5287,1.4634,9.5129,0.4206,0,,0.0000,0.0000
scene_02286_2194_3,35,1.6649,0.8191,6.1138,1.0657,0,,0.0000,0.0000
scene_02286_2194_3,38,1.2347,-0.4182,6.2545,0.9393,0,,0.0000,0.0000
scene_02286_2194_3,39,1.4916,-0.0341,8.6295,1.2306,0,,0.0000,0.0000
scene_02286_2194_3,43,0.0279,-0.7822,3.6908,2.0000,0,,0.0000,0.0000
scene_02286_2194_3,45,-0.1572,-0.1875,4.4610,0.4300,0,,0.0000,0.0000
scene_02286_2194_3,46,0.3758,-0.0454,1.0529,1.0680,0,,0.0000,0.0000
scene_02286_396_1,14,-0.1514,-0.0461,1.7408,2.9900,1,tmpurqhrajq.ply,0.6889,98.0721
scene_02286_396_2,27,-0.2963,-0.4004,2.7108,1.9000,1,tmpvax6z3kg.ply,0.7110,42.0472
scene_02286_396_2,29,-0.1069,0.8294,3.6287,1.4603,1,tmp5mqpog0t.ply,0.6195,88.6763
scene_03361_712637_4,5,-0.3347,-0.5206,4.3390,2.6500,1,tmpuzwgu2vc.ply,0.2100,91.0046
scene_03361_712637_4,10,-0.8331,0.0985,2.6151,1.3392,1,tmpxhf5qjs0.ply,0.6600,91.4900
scene_03361_712637_4,13,0.2958,0.7740,5.2113,2.5000,1,tmp0d8tumms.ply,1.5273,84.8216
scene_03361_712637_4,15,-0.1819,-0.7777,5.8417,2.7000,1,tmplkjpuaaj.ply,0.8598,86.6584
scene_03361_712637_4,19,-0.3049,-0.8590,5.6669,2.9810,1,tmp2n673q1q.ply,1.3162,72.2924
scene_03361_712637_4,34,1.2399,-0.2984,4.1664,0.1000,1,tmpr44ljr5z.ply,1.5038,557.6782
scene_03361_712637_2,0,0.7546,-0.0823,3.0628,1.0259,1,tmpqjq6d5o5.ply,0.5081,73.8285
scene_03361_712637_2,5,-0.2802,-0.1733,5.1602,2.6500,1,tmpgp5qdarp.ply,0.6499,81.1663
scene_03361_712637_2,10,-1.0122,-0.1394,3.4090,1.3392,1,tmp7iwzhaka.ply,0.6146,34.8491
scene_03361_712637_2,13,-0.5037,1.3400,5.8634,2.5000,1,tmplrohkwi4.ply,1.6095,48.2569
scene_03361_712637_2,15,-0.0340,-0.1293,6.6719,2.7000,1,tmpqoaw67qi.ply,0.2276,82.9812
scene_03361_712637_2,19,-0.0869,-0.2847,6.5126,2.9810,1,tmpjnxztz2b.ply,1.6858,84.7431
scene_03361_712637_2,31,1.1616,-0.9130,4.9521,0.1000,1,tmp1_f8s7sr.ply,1.0697,262.8501
scene_03361_712637_2,34,0.8978,0.8740,4.8878,0.1000,1,tmpaamnfuu0.ply,0.7618,179.7302
scene_02559_324_1,3,0.2386,-1.4739,6.7373,0.8438,0,,0.0000,0.0000
scene_02559_324_1,7,2.3204,-0.6752,6.9987,0.6000,0,,0.0000,0.0000
scene_02559_324_1,14,0.5634,-1.5470,7.2227,0.0700,0,,0.0000,0.0000
scene_02559_324_1,15,1.0614,-0.7272,6.6879,0.0700,1,tmpng46uyf0.ply,0.6187,166.3791
scene_02559_324_1,16,1.0640,-0.7298,6.7757,0.0700,0,,0.0000,0.0000
scene_02559_324_1,21,0.4723,-1.6095,6.7263,0.0700,0,,0.0000,0.0000
scene_02559_324_1,24,0.6079,-1.5910,7.1887,0.0700,0,,0.0000,0.0000
scene_02559_324_1,27,1.0774,-0.7430,7.2253,0.0700,1,tmp8ry4bl1s.ply,0.3170,346.5928
scene_02559_324_1,30,-2.1762,0.8927,7.4839,1.0817,0,,0.0000,0.0000
scene_02559_324_1,34,0.7375,-0.5572,5.0318,1.5000,1,tmp3eyp2ic4.ply,0.7722,82.4868
scene_02559_324_1,49,0.5385,-0.6732,4.4816,0.2405,1,tmpfhbyc75v.ply,1.4312,87.9470
scene_02559_324_1,51,-0.8902,0.7053,4.1087,0.8602,0,,0.0000,0.0000
scene_02559_324_1,53,0.5380,-0.6874,5.0187,0.2402,1,tmp9_hpophz.ply,1.6371,1.0138
scene_02559_324_1,55,1.6467,-0.4617,4.9232,1.0662,1,tmpx2886noa.ply,1.3135,62.6903
scene_02559_324_1,70,0.7209,-1.3608,7.5116,0.4269,0,,0.0000,0.0000
scene_02559_324_1,72,0.2779,1.6074,6.4684,0.9000,0,,0.0000,0.0000
scene_02559_324_1,83,-1.6234,0.2295,6.3679,2.3119,0,,0.0000,0.0000
scene_02559_324_1,87,-1.0742,1.0110,4.6757,2.8000,0,,0.0000,0.0000
scene_02559_324_1,99,1.0836,-0.4066,6.7407,0.8950,0,,0.0000,0.0000
scene_02559_324_1,107,-0.2714,-0.3460,4.1914,2.0000,1,tmpc3vs17u6.ply,1.4474,87.8583
scene_02559_324_1,108,-1.0120,0.8088,8.0150,1.6000,0,,0.0000,0.0000
scene_02559_324_1,116,0.8301,-0.4514,5.5603,0.2387,1,tmpamyw84xu.ply,0.5084,59.6919
scene_02559_324_1,118,-0.0546,-0.6815,7.2444,1.0493,0,,0.0000,0.0000
scene_02559_324_1,122,1.4955,-1.3909,7.8755,1.2037,0,,0.0000,0.0000
scene_02559_324_1,124,-1.4128,-0.6160,6.2903,2.3277,0,,0.0000,0.0000
scene_02559_324_1,134,0.5199,-0.8064,7.1091,0.6014,0,,0.0000,0.0000
scene_02559_324_1,139,-0.7067,-0.7611,7.4359,0.7764,0,,0.0000,0.0000
scene_02559_324_1,141,0.8057,-0.4591,4.5388,0.2315,1,tmpm_sadrf8.ply,0.4105,87.3069
scene_02559_324_1,145,0.8393,-0.4493,5.0331,0.2547,1,tmpqbkww_5p.ply,1.0213,84.2551
scene_02559_324_1,148,-0.1447,-0.7652,7.2425,1.1592,0,,0.0000,0.0000
scene_02559_324_1,150,0.5604,-0.3569,7.2823,1.0000,0,,0.0000,0.0000
scene_02559_324_1,151,1.2118,-1.7064,7.5681,0.4647,0,,0.0000,0.0000
scene_02559_324_1,152,0.4065,-1.2331,6.7394,0.7100,1,tmpzwgr9pne.ply,1.2186,90.7494
scene_02559_324_1,155,1.0232,0.6219,3.4540,0.0900,1,tmpac53pt4t.ply,1.4461,251.3412
scene_02559_324_1,157,1.5125,0.1377,4.3456,0.0900,1,tmpfsnw9lhu.ply,0.6053,573.5523
scene_02559_324_1,166,1.5468,0.1038,5.4974,0.0900,1,tmpx9tocbda.ply,0.2208,1025.5145
scene_02559_324_4,118,0.9416,0.4084,3.2900,1.0493,1,tmpehj6zea1.ply,0.5805,64.1091
scene_02559_324_4,139,1.2459,-0.1792,3.4641,0.7764,1,tmprhng89hj.ply,0.7131,75.6218
scene_02559_324_4,148,1.0520,0.3543,3.2879,1.1592,1,tmpdcyxrtr8.ply,0.4980,10.3411
scene_02559_324_0,2,-0.6523,-1.3781,7.8480,0.8438,0,,0.0000,0.0000
scene_02559_324_0,3,-0.3599,-1.1858,7.8480,0.8438,0,,0.0000,0.0000
scene_02559_324_0,7,1.8389,-0.8309,8.1300,0.6000,0,,0.0000,0.0000
scene_02559_324_0,14,-0.0634,-1.3154,8.3397,0.0700,0,,0.0000,0.0000
scene_02559_324_0,15,0.6004,-0.6268,7.8000,0.0700,1,tmpqw7_0wql.ply,0.4999,251.0499
scene_02559_324_0,16,0.6013,-0.6282,7.8879,0.0700,1,tmp28ulyv6w.ply,0.4816,95.4698
scene_02559_324_0,17,0.2670,-1.8176,8.2966,0.0700,0,,0.0000,0.0000
scene_02559_324_0,18,0.2187,-1.7442,8.2983,0.0700,0,,0.0000,0.0000
scene_02559_324_0,20,-0.4517,-1.5594,7.8429,0.0700,0,,0.0000,0.0000
scene_02559_324_0,21,-0.1593,-1.3670,7.8429,0.0700,0,,0.0000,0.0000
scene_02559_324_0,24,-0.0286,-1.3683,8.3070,0.0700,0,,0.0000,0.0000
scene_02559_324_0,25,1.5368,-2.0502,8.5401,0.0700,0,,0.0000,0.0000
scene_02559_324_0,26,1.5359,-2.0488,8.4522,0.0700,0,,0.0000,0.0000
scene_02559_324_0,27,0.6061,-0.6355,8.3378,0.0700,1,tmp6n0aoh_f.ply,0.7182,187.4538
scene_02559_324_0,30,-2.2404,1.6433,8.5185,1.0817,0,,0.0000,0.0000
scene_02559_324_0,34,0.3393,-0.4245,6.1365,1.5000,0,,0.0000,0.0000
scene_02559_324_0,49,0.1273,-0.5071,5.5851,0.2405,1,tmpgbhgb7cg.ply,1.4153,0.7354
scene_02559_324_0,51,-0.9797,1.1302,5.1677,0.8602,0,,0.0000,0.0000
scene_02559_324_0,53,0.1173,-0.5108,6.1222,0.2402,0,,0.0000,0.0000
scene_02559_324_0,55,1.2498,-0.5215,6.0409,1.0662,1,tmp3c6gc1gh.ply,0.2784,81.7796
scene_02559_324_0,70,0.1257,-1.1605,8.6280,0.4269,0,,0.0000,0.0000
scene_02559_324_0,72,0.3209,1.8150,7.5312,0.9000,0,,0.0000,0.0000
scene_02559_324_0,78,-0.4677,-1.2892,6.4854,0.8203,0,,0.0000,0.0000
scene_02559_324_0,80,-0.4662,-1.2914,5.5717,0.8203,0,,0.0000,0.0000
scene_02559_324_0,83,-1.8235,0.8592,7.4221,2.3119,0,,0.0000,0.0000
scene_02559_324_0,99,0.6879,-0.3168,7.8480,0.8950,1,tmpurvfut6r.ply,1.2232,60.3285
scene_02559_324_0,102,0.2208,-1.8027,8.6091,0.6800,0,,0.0000,0.0000
scene_02559_324_0,107,-0.5935,-0.0247,5.2769,2.0000,0,,0.0000,0.0000
scene_02559_324_0,108,-1.1256,1.3301,9.0694,1.6000,0,,0.0000,0.0000
scene_02559_324_0,113,0.4894,-1.6708,7.3181,2.0000,0,,0.0000,0.0000
scene_02559_324_0,116,0.4453,-0.3303,6.6646,0.2387,1,tmp609nj7ch.ply,0.6000,80.5787
scene_02559_324_0,118,-0.4887,-0.3405,8.3379,1.0493,0,,0.0000,0.0000
scene_02559_324_0,122,0.8727,-1.3436,9.0047,1.2037,0,,0.0000,0.0000
scene_02559_324_0,124,-1.7919,-0.0130,7.3612,2.3277,0,,0.0000,0.0000
scene_02559_324_0,134,0.0491,-0.5842,8.2137,0.6014,0,,0.0000,0.0000
scene_02559_324_0,139,-1.1454,-0.2796,8.5202,0.7764,0,,0.0000,0.0000
scene_02559_324_0,141,0.4324,-0.3519,5.6431,0.2315,1,tmpp8z6vx7o.ply,1.9407,33.4564
scene_02559_324_0,143,0.0862,-1.2698,6.0299,0.3610,0,,0.0000,0.0000
scene_02559_324_0,145,0.4612,-0.3400,6.1376,0.2547,1,tmpj6f7njs6.ply,0.9336,10.4977
scene_02559_324_0,148,-0.5942,-0.4037,8.3358,1.1592,0,,0.0000,0.0000
scene_02559_324_0,150,0.1797,-0.1497,8.3804,1.0000,0,,0.0000,0.0000
scene_02559_324_0,151,0.5336,-1.5992,8.6978,0.4647,0,,0.0000,0.0000
scene_02559_324_0,152,-0.1458,-0.9850,7.8490,0.7100,1,tmp6e7p9taj.ply,1.2237,59.8560
scene_02559_324_0,155,0.8828,0.6400,4.5450,0.0900,0,,0.0000,0.0000
scene_02559_324_0,157,1.2500,0.0818,5.4518,0.0900,1,tmpxz4oa8ra.ply,0.6904,653.6566
scene_02559_324_0,164,2.3830,-1.6405,6.5648,0.0900,0,,0.0000,0.0000
scene_02559_324_0,166,1.2623,0.0631,6.6044,0.0900,1,tmpn3jsrx5i.ply,1.4045,1085.7188
scene_02559_324_2,122,0.1428,-0.1196,1.8277,1.2037,1,tmprm6ngggk.ply,0.4990,95.7972
scene_02559_324_2,151,0.5387,0.0324,1.5201,0.4647,1,tmp6nazq39b.ply,1.0188,58.6383
scene_02559_324_3,2,1.9460,-0.2170,5.0914,0.8438,0,,0.0000,0.0000
scene_02559_324_3,3,1.7075,0.0391,5.0914,0.8438,0,,0.0000,0.0000
scene_02559_324_3,14,1.8156,0.3810,5.5583,0.0700,0,,0.0000,0.0000
scene_02559_324_3,15,0.9927,0.8895,5.0384,0.0700,0,,0.0000,0.0000
scene_02559_324_3,16,0.9994,0.8958,5.1258,0.0700,0,,0.0000,0.0000
scene_02559_324_3,21,1.8516,0.2663,5.0641,0.0700,0,,0.0000,0.0000
scene_02559_324_3,24,1.8597,0.4221,5.5204,0.0700,0,,0.0000,0.0000
scene_02559_324_3,27,1.0337,0.9278,5.5733,0.0700,0,,0.0000,0.0000
scene_02559_324_3,34,0.7343,0.5027,3.4075,1.5000,1,tmpfvvjehxj.ply,1.1015,62.2972
scene_02559_324_3,49,0.8170,0.2757,2.8621,0.2405,1,tmpuq015sse.ply,0.4586,28.8975
scene_02559_324_3,53,0.8557,0.2976,3.3975,0.2402,1,tmpbcosub51.ply,0.9530,50.1578
scene_02559_324_3,70,1.6493,0.5582,5.8477,0.4269,0,,0.0000,0.0000
scene_02559_324_3,72,-1.3789,0.1955,4.9569,0.9000,0,,0.0000,0.0000
scene_02559_324_3,99,0.6760,0.9273,5.1042,0.8950,0,,0.0000,0.0000
scene_02559_324_3,102,2.2637,0.7569,5.7789,0.6800,0,,0.0000,0.0000
scene_02559_324_3,107,0.4449,-0.5315,2.6229,2.0000,1,tmpe3gjip0n.ply,1.1890,92.3956
scene_02559_324_3,108,-0.5622,-1.0596,6.5227,1.6000,0,,0.0000,0.0000
scene_02559_324_3,116,0.6566,0.6221,3.9355,0.2387,0,,0.0000,0.0000
scene_02559_324_3,118,0.9281,-0.1989,5.6455,1.0493,0,,0.0000,0.0000
scene_02559_324_3,122,1.7268,1.3458,6.1751,1.2037,0,,0.0000,0.0000
scene_02559_324_3,134,1.0694,0.3636,5.4793,0.6014,0,,0.0000,0.0000
scene_02559_324_3,139,0.9904,-0.8450,5.8621,0.7764,0,,0.0000,0.0000
scene_02559_324_3,141,0.6165,0.5538,2.9167,0.2315,1,tmp15w377_0.ply,0.4744,18.3836
scene_02559_324_3,145,0.6307,0.6089,3.4089,0.2547,1,tmph_0a__qf.ply,0.7392,21.0579
scene_02559_324_3,148,1.0081,-0.2924,5.6439,1.1592,0,,0.0000,0.0000
scene_02559_324_3,150,0.6304,0.4301,5.6702,1.0000,0,,0.0000,0.0000
scene_02559_324_3,151,2.0163,1.0363,5.8671,0.4647,0,,0.0000,0.0000
scene_02559_324_3,152,1.4740,0.2169,5.0967,0.7100,0,,0.0000,0.0000
scene_02559_6374_1,30,-1.3063,-0.2193,3.6482,1.0817,0,,0.0000,0.0000
scene_02559_6374_1,76,-0.0075,0.2311,0.9922,1.1619,1,tmpe3oara1_.ply,0.3171,86.0727
scene_02559_6374_1,88,-0.2354,-0.6203,2.7599,1.2000,1,tmp3mqzmdba.ply,1.6061,46.7400
scene_02559_6374_1,100,0.3484,0.1875,1.6142,1.2000,1,tmptug5t_3p.ply,0.3256,72.2690
scene_02559_6374_2,88,-0.3947,0.1004,2.3668,1.2000,1,tmpza0qxvnr.ply,0.8442,79.6829
scene_02559_807_1,108,0.3529,-0.5698,2.5394,1.6000,1,tmplphxpbhj.ply,0.2327,87.5631
scene_02559_807_4,108,-0.2901,0.0404,2.9117,1.6000,1,tmpxl_hzube.ply,0.3259,76.7180
scene_02559_807_0,118,-0.5512,0.1932,1.7445,1.0493,1,tmp4k38sik0.ply,1.8382,83.3541
scene_02559_807_0,134,-0.4783,-0.3753,1.5560,0.6014,1,tmpg2x80s6q.ply,1.9547,80.6865
scene_02559_807_0,148,-0.6593,0.2520,1.7432,1.1592,1,tmpfhm_nerk.ply,0.4033,88.6076
scene_02559_807_0,150,-0.0485,-0.2884,1.7595,1.0000,1,tmpanzrmfh0.ply,1.3683,77.4428
scene_02559_807_3,118,-0.6828,-0.4010,2.8249,1.0493,1,tmpylvcp9ex.ply,0.5301,59.8643
scene_02559_807_3,139,-1.1740,0.0256,3.0371,0.7764,1,tmpol8ye798.ply,1.1087,92.4819
scene_02559_807_3,148,-0.8052,-0.3886,2.8233,1.1592,1,tmpigml1h7v.ply,0.6583,75.0461
scene_02559_807_3,150,-0.0330,-0.6499,2.8521,1.0000,1,tmpy87enkjs.ply,0.3793,91.3481
scene_02559_551_1,119,0.3528,-0.0545,2.1278,0.6176,1,tmp3zqw2wef.ply,0.7280,74.6700
scene_02559_551_1,172,-0.7409,-0.2948,2.3022,1.6000,1,tmpswgm0z58.ply,1.0359,95.5219
scene_02559_551_0,8,-0.3595,-0.0564,1.9816,1.0234,1,tmplhqcgzff.ply,0.4061,89.9709
scene_02559_551_0,25,-1.0230,0.0650,2.6511,0.0700,1,tmpbbk942se.ply,1.2321,61.7807
scene_02559_551_0,71,-0.9918,-0.5754,2.7136,0.7582,1,tmpqbkmbg8j.ply,1.3749,77.6095
scene_02559_551_0,112,-0.7286,-0.3384,2.1144,0.9180,1,tmp5hxwzg2_.ply,0.8240,69.4152
scene_02559_551_0,172,0.4270,0.0325,2.8687,1.6000,1,tmpoecft8el.ply,0.9564,93.8961
scene_02559_551_2,119,0.6244,0.0724,2.9797,0.6176,1,tmpu2er4qet.ply,1.1882,75.2613
scene_02559_551_2,172,-0.4800,-0.1303,3.1328,1.6000,1,tmpcfdyggsq.ply,1.4218,86.8836
scene_02559_893_0,122,-0.0666,0.0932,0.6672,1.2037,1,tmp01hxunfu.ply,0.2539,90.6934
scene_02559_893_2,25,0.2623,-0.0864,1.0776,0.0700,1,tmpunfmch1c.ply,0.8931,13.5063
scene_02559_893_2,26,0.2744,-0.0755,0.9912,0.0700,1,tmp3nx9xj1p.ply,0.8329,256.7976
scene_02559_893_2,112,-0.1937,0.1030,0.5357,0.9180,1,tmpfj6szcn4.ply,0.7053,88.5932
scene_02559_1053_1,38,-0.2695,-0.1109,2.4869,1.7285,1,tmp02f0ljxn.ply,0.5837,96.0411
scene_02559_1053_1,39,0.5539,-0.5047,2.0474,1.4730,1,tmp9copa67f.ply,0.4020,88.6046
scene_02559_1053_1,40,-0.0254,-0.1912,1.4458,1.8028,1,tmpqoiltv70.ply,0.3146,96.2900
scene_02559_1053_1,42,-0.7181,-0.7748,3.4657,0.7557,0,,0.0000,0.0000
scene_02559_1053_1,76,0.4229,-0.7386,3.3596,1.1619,1,tmpgjwx72nc.ply,1.4156,96.8285
scene_02559_1053_1,88,1.0530,-0.8003,5.2307,1.2000,0,,0.0000,0.0000
scene_02559_1053_1,100,0.4145,-0.3168,3.9406,1.2000,0,,0.0000,0.0000
scene_02559_1053_1,110,1.0580,0.5658,2.9142,0.4060,1,tmpdihxin7j.ply,1.5690,59.3956
scene_02559_1053_0,30,0.9434,0.9410,5.0453,1.0817,0,,0.0000,0.0000
scene_02559_1053_0,76,0.2748,0.4150,2.1783,1.1619,1,tmp2knsjajn.ply,1.4304,82.9570
scene_02559_1053_0,88,-0.1224,0.7561,4.0829,1.2000,0,,0.0000,0.0000
scene_02559_1053_0,100,-0.0214,0.0683,2.7328,1.2000,0,,0.0000,0.0000
scene_02559_1053_2,30,0.6574,0.6379,5.1217,1.0817,0,,0.0000,0.0000
scene_02559_1053_2,31,0.6644,0.6310,2.9636,1.0817,1,tmp6e2x2a79.ply,1.4079,95.8976
scene_02559_1053_2,76,0.6576,-0.2954,2.2804,1.1619,1,tmp6h3dni_b.ply,1.2535,92.7327
scene_02559_1053_2,87,-0.5186,0.5895,2.3417,2.8000,1,tmpm8is87vc.ply,0.5639,94.6320
scene_02559_1053_2,88,0.0774,-0.2849,4.1686,1.2000,0,,0.0000,0.0000
scene_02559_1053_2,108,-0.4924,0.7040,5.6856,1.6000,0,,0.0000,0.0000
scene_02559_1242_1,30,1.1671,-0.5014,4.8408,1.0817,1,tmpl7nhctgd.ply,1.0311,73.5749
scene_02559_1242_1,51,0.2600,0.0499,1.3834,0.8602,1,tmp7e8wd72d.ply,0.1992,68.6921
scene_02559_1242_1,72,-1.2570,0.1471,3.7149,0.9000,1,tmpmfu20u4n.ply,1.1250,30.5697
scene_02559_1242_1,83,1.0901,0.2516,3.6502,2.3119,1,tmpxsq5ohs3.ply,0.7439,92.5098
scene_02559_1242_1,87,0.2353,-0.2539,1.9800,2.8000,1,tmppendb23o.ply,0.7462,98.7436
scene_02559_1242_1,108,0.2294,0.2504,5.2877,1.6000,1,tmpxh8wmc58.ply,0.5409,79.0352
scene_02559_1242_4,2,-2.5702,1.6758,8.2652,0.8438,0,,0.0000,0.0000
scene_02559_1242_4,3,-2.6291,1.3308,8.2652,0.8438,0,,0.0000,0.0000
scene_02559_1242_4,14,-2.9249,1.2023,8.7577,0.0700,0,,0.0000,0.0000
scene_02559_1242_4,15,-2.8761,0.2475,8.2174,0.0700,0,,0.0000,0.0000
scene_02559_1242_4,16,-2.8776,0.2477,8.3053,0.0700,0,,0.0000,0.0000
scene_02559_1242_4,20,-2.8396,1.6529,8.2609,0.0700,0,,0.0000,0.0000
scene_02559_1242_4,21,-2.8985,1.3079,8.2609,0.0700,0,,0.0000,0.0000
scene_02559_1242_4,24,-2.9874,1.2130,8.7252,0.0700,0,,0.0000,0.0000
scene_02559_1242_4,27,-2.8849,0.2490,8.7552,0.0700,0,,0.0000,0.0000
scene_02559_1242_4,30,0.7239,0.7742,8.9259,1.0817,0,,0.0000,0.0000
scene_02559_1242_4,31,0.7591,0.7682,6.7681,1.0817,0,,0.0000,0.0000
scene_02559_1242_4,34,-2.5548,0.3011,6.5530,1.5000,0,,0.0000,0.0000
scene_02559_1242_4,39,1.2847,-0.2587,4.7791,1.4730,0,,0.0000,0.0000
scene_02559_1242_4,42,2.2070,0.6861,6.1788,0.7557,0,,0.0000,0.0000
scene_02559_1242_4,51,-0.5210,0.2045,5.5783,0.8602,0,,0.0000,0.0000
scene_02559_1242_4,53,-2.4664,0.5222,6.5386,0.2402,0,,0.0000,0.0000
scene_02559_1242_4,57,0.9097,0.2017,4.1465,1.5476,1,tmpbazb1gci.ply,1.8782,91.8397
scene_02559_1242_4,70,-2.9399,0.9583,9.0460,0.4269,0,,0.0000,0.0000
scene_02559_1242_4,72,-0.9015,-1.2146,7.9423,0.9000,0,,0.0000,0.0000
scene_02559_1242_4,76,1.2906,0.0024,6.0927,1.1619,0,,0.0000,0.0000
scene_02559_1242_4,78,-2.6350,1.4808,6.9027,0.8203,0,,0.0000,0.0000
scene_02559_1242_4,83,-0.1369,1.0051,7.8320,2.3119,0,,0.0000,0.0000
scene_02559_1242_4,87,-0.1808,0.0572,6.1364,2.8000,0,,0.0000,0.0000
scene_02559_1242_4,88,0.7860,-0.3165,7.9757,1.2000,0,,0.0000,0.0000
scene_02559_1242_4,91,0.3516,0.3720,5.1386,2.0000,0,,0.0000,0.0000
scene_02559_1242_4,95,-0.8328,0.3273,2.8595,1.6960,1,tmp4_5eh7rn.ply,1.2098,73.3757
scene_02559_1242_4,97,0.7852,-0.6931,4.3741,0.5997,0,,0.0000,0.0000
scene_02559_1242_4,99,-2.7092,-0.0281,8.2648,0.8950,0,,0.0000,0.0000
scene_02559_1242_4,100,1.5539,-0.3407,6.6658,1.2000,0,,0.0000,0.0000
scene_02559_1242_4,102,-3.4742,1.3270,9.0288,0.6800,0,,0.0000,0.0000
scene_02559_1242_4,103,1.3482,0.2796,4.0472,0.2510,1,tmpxkxhmkfo.ply,1.7401,67.9227
scene_02559_1242_4,106,-0.3051,0.4842,4.4493,2.0000,1,tmpx7nu1vnj.ply,1.9949,78.5556
scene_02559_1242_4,107,-1.6284,0.7104,5.6909,2.0000,0,,0.0000,0.0000
scene_02559_1242_4,108,-0.2643,0.1729,9.4793,1.6000,0,,0.0000,0.0000
scene_02559_1242_4,110,1.5072,-1.4284,5.6356,0.4060,0,,0.0000,0.0000
scene_02559_1242_4,116,-2.5568,0.1590,7.0811,0.2387,0,,0.0000,0.0000
scene_02559_1242_4,118,-1.9221,0.8478,8.7528,1.0493,0,,0.0000,0.0000
scene_02559_1242_4,122,-3.5825,0.5371,9.4242,1.2037,0,,0.0000,0.0000
scene_02559_1242_4,124,-0.7961,1.5773,7.7733,2.3277,0,,0.0000,0.0000
scene_02559_1242_4,128,0.3866,0.3660,2.9915,2.0000,1,tmpk69yn89_.ply,0.2156,59.4881
scene_02559_1242_4,129,0.7551,-0.2776,4.5830,0.5000,0,,0.0000,0.0000
scene_02559_1242_4,132,0.5455,0.4656,4.1443,0.1811,1,tmpv5m2iv8b.ply,1.4685,4.4802
scene_02559_1242_4,134,-2.4675,0.6211,8.6301,0.6014,0,,0.0000,0.0000
scene_02559_1242_4,139,-1.4289,1.2862,8.9340,0.7764,0,,0.0000,0.0000
scene_02559_1242_4,148,-1.8963,0.9681,8.7508,1.1592,0,,0.0000,0.0000
scene_02559_1242_4,150,-2.2387,0.2290,8.7960,1.0000,0,,0.0000,0.0000
scene_02559_1242_4,151,-3.5387,0.9595,9.1174,0.4647,0,,0.0000,0.0000
scene_02559_1242_4,152,-2.6286,1.0373,8.2661,0.7100,0,,0.0000,0.0000
scene_02559_1242_4,160,-0.5660,-1.0930,4.9865,0.0900,0,,0.0000,0.0000
scene_02559_1242_0,30,0.9096,-0.8693,5.0487,1.0817,1,tmponho0owu.ply,1.1832,91.4945
scene_02559_1242_0,72,-1.1472,0.7116,4.1351,0.9000,1,tmprp55vx9p.ply,1.3719,57.4220
scene_02559_1242_0,83,1.1068,0.0588,4.0044,2.3119,1,tmphdhg6794.ply,1.0102,96.5712
scene_02559_1242_0,87,0.1691,0.1494,2.3050,2.8000,1,tmpd1vo4ait.ply,0.4927,95.0115
scene_02559_1242_0,88,-0.1706,-0.9313,4.0865,1.2000,1,tmpdeqijy5l.ply,1.1588,69.9906
scene_02559_1242_0,108,0.2587,0.0584,5.6485,1.6000,1,tmpx70r8vrc.ply,0.1963,84.2738
scene_02559_1242_0,139,1.3193,1.3015,5.1762,0.7764,1,tmpe9qctss2.ply,1.6929,60.8917
scene_02559_1242_2,10,-0.4522,0.4438,4.1705,0.5007,1,tmpanvunwhi.ply,1.8719,94.8624
scene_02559_1242_2,30,-0.2471,-1.7462,9.9614,1.0817,0,,0.0000,0.0000
scene_02559_1242_2,31,-0.3054,-1.6327,7.8071,1.0817,0,,0.0000,0.0000
scene_02559_1242_2,38,-0.4933,0.1025,6.3037,1.7285,0,,0.0000,0.0000
scene_02559_1242_2,39,0.1629,-0.5215,5.8493,1.4730,0,,0.0000,0.0000
scene_02559_1242_2,40,-0.2945,-0.0338,5.2587,1.8028,1,tmpz_qw3u_7.ply,0.4167,90.2462
scene_02559_1242_2,41,-0.8334,-0.8834,3.9940,0.8255,1,tmp3gdbiw9x.ply,1.3505,93.3209
scene_02559_1242_2,42,-1.1187,-0.4034,7.2797,0.7557,0,,0.0000,0.0000
scene_02559_1242_2,50,0.0193,-0.3828,3.2070,2.8000,1,tmpukqzwsd_.ply,0.8879,95.3532
scene_02559_1242_2,57,0.0068,-1.0732,5.1982,1.5476,0,,0.0000,0.0000
scene_02559_1242_2,72,2.2994,-1.8162,8.9246,0.9000,0,,0.0000,0.0000
scene_02559_1242_2,76,-0.0241,-0.7231,7.1601,1.1619,0,,0.0000,0.0000
scene_02559_1242_2,88,0.5701,-1.0067,9.0224,1.2000,0,,0.0000,0.0000
scene_02559_1242_2,97,0.8020,-0.6450,5.4268,0.5997,0,,0.0000,0.0000
scene_02559_1242_2,98,0.2659,0.7543,6.3395,0.6005,0,,0.0000,0.0000
scene_02559_1242_2,100,0.1039,-0.3285,7.7462,1.2000,0,,0.0000,0.0000
scene_02559_1242_2,103,-0.3202,-0.7656,5.1168,0.2510,1,tmpm1u96rp0.ply,1.2738,55.7670
scene_02559_1242_2,108,0.8370,-2.1968,10.4771,1.6000,0,,0.0000,0.0000
scene_02559_1242_2,109,1.0983,0.1344,4.7304,0.3258,0,,0.0000,0.0000
scene_02559_1242_2,110,0.9824,0.3252,6.7228,0.4060,0,,0.0000,0.0000
scene_02559_1242_2,126,-0.2703,-0.3333,4.5790,1.8740,1,tmpg3b0bm63.ply,1.7906,91.2473
scene_02559_1242_2,129,0.4916,-0.9261,5.6313,0.5000,0,,0.0000,0.0000
scene_02559_1242_2,160,1.9436,-1.5088,5.9847,0.0900,0,,0.0000,0.0000
scene_02559_1242_3,15,-2.5222,1.2418,6.7938,0.0700,0,,0.0000,0.0000
scene_02559_1242_3,16,-2.5272,1.2443,6.8815,0.0700,0,,0.0000,0.0000
scene_02559_1242_3,27,-2.5531,1.2570,7.3305,0.0700,0,,0.0000,0.0000
scene_02559_1242_3,30,1.0462,0.7457,7.6658,1.0817,0,,0.0000,0.0000
scene_02559_1242_3,31,1.1702,0.6849,5.5121,1.0817,0,,0.0000,0.0000
scene_02559_1242_3,51,-0.1651,0.4807,4.2683,0.8602,1,tmpqmhteabi.ply,1.1704,73.9659
scene_02559_1242_3,72,-1.0320,-0.7236,6.6231,0.9000,0,,0.0000,0.0000
scene_02559_1242_3,76,1.4916,-0.2137,4.8684,1.1619,1,tmpoetickta.ply,1.9818,72.7477
scene_02559_1242_3,83,0.3334,1.1872,6.5310,2.3119,0,,0.0000,0.0000
scene_02559_1242_3,87,0.0953,0.2550,4.8428,2.8000,1,tmpkpitsjka.ply,1.2229,84.2648
scene_02559_1242_3,88,0.8376,-0.3378,6.7282,1.2000,0,,0.0000,0.0000
scene_02559_1242_3,91,0.7371,0.3858,3.8685,2.0000,1,tmptvr5gj4i.ply,0.2759,85.6856
scene_02559_1242_3,97,0.8839,-0.7741,3.1337,0.5997,1,tmpl45uvqgs.ply,1.7611,63.7162
scene_02559_1242_3,99,-2.4422,0.9314,6.8512,0.8950,0,,0.0000,0.0000
scene_02559_1242_3,100,1.6224,-0.6052,5.4560,1.2000,0,,0.0000,0.0000
scene_02559_1242_3,106,0.1690,0.6644,3.1484,2.0000,1,tmpludzssln.ply,0.0429,77.6757
scene_02559_1242_3,108,-0.0944,0.4595,8.1771,1.6000,0,,0.0000,0.0000
scene_02559_1242_3,116,-2.1927,1.0431,5.6744,0.2387,0,,0.0000,0.0000
scene_02559_1242_3,118,-1.4610,1.5595,7.3685,1.0493,0,,0.0000,0.0000
scene_02559_1242_3,129,0.9636,-0.3628,3.3376,0.5000,1,tmpt060_pke.ply,1.1574,1.9320
scene_02559_1242_3,132,0.9918,0.4001,2.8837,0.1811,1,tmpj6neenbn.ply,0.4386,1.4466
scene_02559_1242_3,134,-2.0425,1.4935,7.2221,0.6014,0,,0.0000,0.0000
scene_02559_1242_3,139,-0.8721,1.8446,7.5690,0.7764,0,,0.0000,0.0000
scene_02559_1242_3,148,-1.4022,1.6675,7.3667,1.1592,0,,0.0000,0.0000
scene_02559_1242_3,150,-1.9412,1.0563,7.4017,1.0000,0,,0.0000,0.0000
scene_02559_1242_3,160,-0.5501,-0.7634,3.6853,0.0900,1,tmpae2r46ml.ply,1.8693,213.4292
scene_00750_1582_1,25,-0.0214,-0.1700,2.0043,1.4000,1,tmpsn2vo2tb.ply,0.6218,63.2557
scene_00750_1582_1,37,-0.0736,0.0836,1.8877,2.6000,1,tmp7e38gzbf.ply,1.3610,32.6441
scene_00750_1582_1,146,0.1465,-0.0460,0.7196,1.3887,1,tmpfv5_6xgf.ply,0.5200,89.9730
scene_00750_1582_3,5,-0.2425,-0.0868,0.7148,1.2671,1,tmpngeo32tb.ply,0.7914,94.1785
scene_00750_4339_1,189,0.0799,0.3665,1.5873,0.7765,1,tmpngksnb8r.ply,0.3144,35.5318
scene_00750_4339_0,7,-1.0851,0.5481,2.9216,0.8438,1,tmpsy3ymlmz.ply,0.8516,87.9627
scene_00750_4339_0,189,-0.2119,0.3646,3.1428,0.7765,1,tmpgvle1l06.ply,0.1160,64.3529
scene_00750_572_1,6,-0.1053,0.3479,4.1573,1.7914,1,tmp03886sd9.ply,1.9587,93.9627
scene_00750_572_1,23,-0.1848,0.4531,4.2786,0.4049,1,tmpzjohkbx3.ply,1.1671,41.2489
scene_00750_572_1,25,1.2308,-0.0683,4.6916,1.4000,1,tmpqsw9tmsw.ply,0.9007,16.7535
scene_00750_572_1,26,-1.1121,-0.4429,4.8538,1.5400,1,tmpftn09q98.ply,1.5865,47.6839
scene_00750_572_1,36,-1.2526,0.0186,4.7559,2.6000,1,tmpyaa9d6ss.ply,1.2573,74.0723
scene_00750_572_1,37,1.1786,0.1854,4.5751,2.6000,1,tmpizwsdkjg.ply,0.7635,68.6142
scene_00750_572_1,62,0.2221,0.6020,4.3834,0.2339,1,tmp8tehcs_7.ply,0.8482,3.8033
scene_00750_572_1,88,0.6013,0.1959,3.0763,0.6000,1,tmpscfauy_k.ply,1.7401,59.4841
scene_00750_572_1,145,-1.6349,-0.0922,4.9522,1.3887,0,,0.0000,0.0000
scene_00750_572_1,151,-1.0646,0.1597,3.2749,0.4920,1,tmpt_ea9sh5.ply,0.8138,68.0513
scene_00750_572_1,159,-1.4222,1.3068,5.1417,0.1139,1,tmpvgwwly28.ply,1.8879,421.6873
scene_00750_572_1,161,-0.8229,0.1098,3.5735,0.6392,1,tmpnzi0u822.ply,0.9170,87.7098
scene_00750_572_1,173,0.5354,0.4722,4.4578,0.4597,1,tmp2r7e66l9.ply,0.4017,38.8604
scene_00750_572_1,180,-0.2778,0.3862,2.8928,2.0000,1,tmpfodyorvr.ply,0.7418,88.1514
scene_00750_572_1,182,-0.7945,0.3006,2.1351,2.1000,1,tmpe3yjmyak.ply,0.7824,84.4033
scene_00750_572_1,191,0.0055,0.5097,4.4477,0.3124,1,tmpvger_cg_.ply,0.2941,35.5600
scene_00750_572_1,202,-1.2078,-0.0541,3.9111,0.6640,1,tmp_szhdz71.ply,1.3944,59.4770
scene_00750_572_4,5,0.7735,-0.4779,2.9746,1.2671,1,tmp9i53xg6k.ply,1.7806,91.7520
scene_00750_572_4,6,-0.8097,0.8008,3.3461,1.7914,1,tmpurajtbq9.ply,1.6058,95.9525
scene_00750_572_4,25,0.1608,-0.2514,3.7873,1.4000,1,tmpf477e5fs.ply,0.9808,80.0854
scene_00750_572_4,37,0.2374,-0.0027,3.6735,2.6000,1,tmpwsdb_ts5.ply,0.3334,81.7273
scene_00750_572_4,40,1.3672,0.2642,3.4864,1.1113,1,tmprf87tl2p.ply,1.0810,98.4699
scene_00750_572_4,53,0.5653,0.3141,1.9824,1.7399,1,tmpbr90tdam.ply,0.8166,87.1949
scene_00750_572_4,62,-0.3851,0.8469,3.5474,0.2339,1,tmped6e7t9_.ply,0.2861,16.4286
scene_00750_572_4,88,-0.3477,0.3460,2.2189,0.6000,1,tmpv9i35fm7.ply,0.1460,37.1563
scene_00750_572_4,146,0.2873,-0.1891,2.4934,1.3887,1,tmpfhtle7nq.ply,1.2391,77.9670
scene_00750_572_4,173,-0.1771,0.5739,3.6003,0.4597,1,tmpkj3w4ej7.ply,1.8327,86.5876
scene_00750_572_4,191,-0.6141,0.8750,3.6272,0.3124,1,tmpka_h6ess.ply,0.3976,1.6801
scene_00750_572_0,5,-1.3693,0.1923,5.5383,1.2671,0,,0.0000,0.0000
scene_00750_572_0,6,0.4889,-0.7145,5.6019,1.7914,1,tmpikvjhg3j.ply,0.0789,84.5476
scene_00750_572_0,23,0.5420,-0.8414,5.7168,0.4049,0,,0.0000,0.0000
scene_00750_572_0,25,-0.6088,0.0784,6.2423,1.4000,1,tmpwzyjnfb_.ply,1.5806,0.3075
scene_00750_572_0,26,1.7416,-0.2822,6.2084,1.5400,0,,0.0000,0.0000
scene_00750_572_0,27,-2.0536,0.6187,6.4934,0.7700,0,,0.0000,0.0000
scene_00750_572_0,33,0.2492,1.0391,5.3079,0.6000,0,,0.0000,0.0000
scene_00750_572_0,36,1.7262,-0.7625,6.1018,2.6000,0,,0.0000,0.0000
scene_00750_572_0,37,-0.6462,-0.1768,6.1233,2.6000,1,tmpispxe9tl.ply,1.1983,14.2844
scene_00750_572_0,40,-1.7070,-0.6816,6.0745,1.1113,0,,0.0000,0.0000
scene_00750_572_0,53,-1.1452,-0.4965,4.4751,1.7399,1,tmpoedvc2x1.ply,0.4576,71.5332
scene_00750_572_0,62,0.1188,-0.8612,5.8557,0.2339,1,tmp4f4txo9y.ply,1.5590,3.8740
scene_00750_572_0,63,1.6916,-1.1064,4.4019,1.9157,0,,0.0000,0.0000
scene_00750_572_0,64,-0.7327,-1.1674,4.7202,0.3447,0,,0.0000,0.0000
scene_00750_572_0,88,-0.2219,-0.3330,4.5820,0.6000,1,tmp3cexo9cu.ply,0.4767,16.7051
scene_00750_572_0,89,-0.6762,-0.9125,4.6898,0.1951,0,,0.0000,0.0000
scene_00750_572_0,97,-0.3634,-1.2403,4.9053,0.6779,0,,0.0000,0.0000
scene_00750_572_0,114,0.4864,-0.2768,1.7976,1.5687,1,tmplew6dn_z.ply,0.5200,89.6388
scene_00750_572_0,121,0.5322,-0.5692,2.2363,0.7570,1,tmpr8sz7x4y.ply,0.3059,77.9860
scene_00750_572_0,122,0.7657,0.0166,2.6271,0.7570,0,,0.0000,0.0000
scene_00750_572_0,145,2.1385,-0.7774,6.2653,1.3887,0,,0.0000,0.0000
scene_00750_572_0,146,-0.9093,0.0369,4.9766,1.3887,0,,0.0000,0.0000
scene_00750_572_0,151,1.3857,-0.8101,4.6422,0.4920,0,,0.0000,0.0000
scene_00750_572_0,161,1.1956,-0.6950,4.9594,0.6392,0,,0.0000,0.0000
scene_00750_572_0,173,-0.1328,-0.6436,5.9549,0.4597,1,tmpyn77ruol.ply,0.3614,46.6162
scene_00750_572_0,180,0.5393,-0.7785,4.3277,2.0000,1,tmpnscxj0jy.ply,0.5523,84.6375
scene_00750_572_0,181,-0.8229,-0.4422,3.7321,2.0000,1,tmpwh3idocj.ply,0.3605,83.7476
scene_00750_572_0,182,0.9949,-0.8394,3.5294,2.1000,0,,0.0000,0.0000
scene_00750_572_0,191,0.3577,-0.8406,5.9013,0.3124,1,tmpyku26buy.ply,1.9433,12.2393
scene_00750_572_0,202,1.6379,-0.6629,5.2632,0.6640,0,,0.0000,0.0000
scene_00750_572_2,1,0.3101,0.4854,5.0070,0.4005,0,,0.0000,0.0000
scene_00750_572_2,32,-1.4044,0.8094,4.1150,0.6000,1,tmpzs779ghi.ply,1.7286,4.9946
scene_00750_572_2,50,-0.6263,-0.5847,2.7743,2.1000,1,tmp8700vl72.ply,0.0436,62.3873
scene_00750_572_2,72,-0.7493,-0.1497,5.2180,0.6500,1,tmp8bkwh75x.ply,0.6414,111.4448
scene_00750_572_2,139,1.8028,0.6936,5.0908,1.0389,1,tmp_rve1t8g.ply,1.4721,46.5147
scene_00750_572_2,145,-1.6191,-0.4972,5.0483,1.3887,0,,0.0000,0.0000
scene_00750_572_2,166,-0.1062,-0.9513,5.1526,0.2288,0,,0.0000,0.0000
scene_00750_572_2,177,0.5711,-0.4285,4.9424,0.5200,1,tmplevyzcki.ply,0.6711,14.2493
scene_00750_572_2,206,0.7213,-0.9882,4.9544,0.6411,1,tmpfr8139wx.ply,1.9838,27.2905
scene_00750_572_3,3,-1.0130,0.2023,2.6366,2.4000,1,tmpkm8p1h83.ply,0.6336,90.8089
scene_00750_572_3,6,0.9551,0.2393,5.0960,1.7914,0,,0.0000,0.0000
scene_00750_572_3,23,0.9044,0.3528,5.2250,0.4049,0,,0.0000,0.0000
scene_00750_572_3,26,-0.0524,-0.4239,5.9140,1.5400,0,,0.0000,0.0000
scene_00750_572_3,32,-1.1471,-1.1873,5.1561,0.6000,0,,0.0000,0.0000
scene_00750_572_3,36,-0.1447,0.0521,5.8298,2.6000,1,tmp3jt9lzi6.ply,0.3277,51.6593
scene_00750_572_3,62,1.3364,0.4489,5.2794,0.2339,0,,0.0000,0.0000
scene_00750_572_3,63,-0.5144,0.4162,4.1745,1.9157,1,tmph7uo1fl3.ply,1.2928,92.6521
scene_00750_572_3,72,-1.4401,-0.0756,6.2715,0.6500,0,,0.0000,0.0000
scene_00750_572_3,75,-1.3792,1.0878,5.9345,0.7126,0,,0.0000,0.0000
scene_00750_572_3,88,1.5030,0.0074,3.9397,0.6000,1,tmpbcf1dytb.ply,1.9164,33.5843
scene_00750_572_3,97,1.5422,0.9214,4.2725,0.6779,0,,0.0000,0.0000
scene_00750_572_3,114,0.2713,-0.1464,1.3480,1.5687,1,tmp5vat7fiq.ply,0.3434,77.1391
scene_00750_572_3,120,-1.7721,1.2787,6.1021,0.3378,0,,0.0000,0.0000
scene_00750_572_3,121,0.2631,0.1274,1.8007,0.7570,1,tmp1wd8l93h.ply,0.1258,64.3755
scene_00750_572_3,122,0.2214,-0.4960,2.2009,0.7570,1,tmpixb4pqgm.ply,0.7081,86.9634
scene_00750_572_3,145,-0.5117,-0.0113,6.0712,1.3887,1,tmpp0gz4_4b.ply,0.3785,47.3909
scene_00750_572_3,150,0.2412,0.0197,0.9479,0.9653,1,tmpn7u4qw_t.ply,0.7380,76.3869
scene_00750_572_3,151,-0.1186,0.1787,4.3358,0.4920,1,tmpun2oo7g_.ply,1.6511,67.0167
scene_00750_572_3,159,-0.1044,1.3488,6.2225,0.1139,0,,0.0000,0.0000
scene_00750_572_3,161,0.1488,0.0970,4.6039,0.6392,1,tmpu9no7iby.ply,1.7546,5.8287
scene_00750_572_3,166,-1.8082,0.8847,6.2199,0.2288,0,,0.0000,0.0000
scene_00750_572_3,170,-0.2319,1.1428,4.9577,0.4464,1,tmpm5uk5__3.ply,0.4399,64.2444
scene_00750_572_3,173,1.6376,0.2803,5.3169,0.4597,0,,0.0000,0.0000
scene_00750_572_3,180,0.6392,0.3075,3.8608,2.0000,0,,0.0000,0.0000
scene_00750_572_3,182,0.0291,0.2926,3.1708,2.1000,1,tmpji66b98e.ply,1.0507,52.2583
scene_00750_572_3,191,1.1191,0.3839,5.3698,0.3124,0,,0.0000,0.0000
scene_00750_572_3,202,-0.2104,-0.0197,4.9863,0.6640,1,tmp2wobyexx.ply,1.9829,63.2515
scene_00750_2017_1,72,-0.1193,0.1671,0.7453,0.6500,1,tmpzsh2j9wu.ply,0.7894,74.7552
scene_00750_2017_2,72,0.1993,-0.0159,2.0854,0.6500,1,tmp7blhqppr.ply,0.3582,25.4440
scene_00750_1396_1,5,-2.1085,0.1683,5.6514,1.2671,0,,0.0000,0.0000
scene_00750_1396_1,8,0.0990,0.3291,3.3425,1.9051,1,tmpajeqn1hl.ply,1.2325,90.8752
scene_00750_1396_1,19,1.1341,-0.3029,5.9099,2.1000,0,,0.0000,0.0000
scene_00750_1396_1,20,0.8458,0.9038,4.2393,0.7138,0,,0.0000,0.0000
scene_00750_1396_1,27,-1.3732,-0.2118,6.5880,0.7700,0,,0.0000,0.0000
scene_00750_1396_1,28,-0.6032,-0.3441,6.7411,0.7700,0,,0.0000,0.0000
scene_00750_1396_1,35,1.2235,-0.0136,4.5544,2.1995,0,,0.0000,0.0000
scene_00750_1396_1,38,-0.6006,0.7810,5.6101,2.1975,0,,0.0000,0.0000
scene_00750_1396_1,39,0.7769,0.6979,6.2891,0.9485,0,,0.0000,0.0000
scene_00750_1396_1,40,-1.8218,1.0620,6.1846,1.1113,0,,0.0000,0.0000
scene_00750_1396_1,41,0.5600,0.2274,6.6665,1.9494,0,,0.0000,0.0000
scene_00750_1396_1,49,-0.5093,0.1545,3.3335,0.3753,0,,0.0000,0.0000
scene_00750_1396_1,87,-0.5768,-1.0742,5.2674,0.9745,0,,0.0000,0.0000
scene_00750_1396_1,99,0.8933,0.6380,3.2203,0.0700,1,tmpwpr259mr.ply,1.3038,126.2239
scene_00750_1396_1,100,0.9076,0.4666,3.2287,0.0700,1,tmpv_wgkwh4.ply,0.8060,197.5839
scene_00750_1396_1,101,0.9783,0.6234,3.2372,0.0700,1,tmp4esez2wh.ply,1.5922,126.8509
scene_00750_1396_1,102,1.2844,-0.5991,3.5661,0.0700,0,,0.0000,0.0000
scene_00750_1396_1,106,0.7899,-0.8692,3.4796,0.0700,0,,0.0000,0.0000
scene_00750_1396_1,107,0.7048,-0.8546,3.4627,0.0700,0,,0.0000,0.0000
scene_00750_1396_1,156,1.0494,0.7404,5.3392,0.9110,0,,0.0000,0.0000
scene_00750_1396_1,167,1.2899,-0.4666,5.8170,1.5500,0,,0.0000,0.0000
scene_00750_1396_4,19,0.3395,-0.1917,5.0288,2.1000,0,,0.0000,0.0000
scene_00750_1396_4,28,-0.8258,1.0389,5.9445,0.7700,0,,0.0000,0.0000
scene_00750_1396_4,35,0.5787,-0.0079,3.6731,2.1995,1,tmpkcga_hsh.ply,1.6995,91.1469
scene_00750_1396_4,39,0.8580,0.7248,5.4337,0.9485,0,,0.0000,0.0000
scene_00750_1396_4,41,0.3728,0.5568,5.8173,1.9494,0,,0.0000,0.0000
scene_00750_1396_4,87,-1.3918,0.5955,4.4652,0.9745,0,,0.0000,0.0000
scene_00750_1396_4,100,0.6912,0.6036,2.3687,0.0700,1,tmp0v1pza0o.ply,0.6409,8.7739
scene_00750_1396_4,102,0.1563,-0.4013,2.6780,0.0700,1,tmpzwm0rh26.ply,1.1389,22.6594
scene_00750_1396_4,106,-0.3767,-0.2094,2.6138,0.0700,1,tmptd_pquaj.ply,0.9083,107.5179
scene_00750_1396_4,107,-0.4229,-0.1357,2.6012,0.0700,1,tmp8ulyl0c4.ply,1.0488,430.7372
scene_00750_1396_4,156,1.0459,0.5907,4.4719,0.9110,0,,0.0000,0.0000
scene_00750_1396_4,167,0.3186,-0.4129,4.9269,1.5500,0,,0.0000,0.0000
scene_00750_1396_0,5,-2.0706,1.3255,6.7220,1.2671,0,,0.0000,0.0000
scene_00750_1396_0,8,-0.1929,0.8117,4.1843,1.9051,0,,0.0000,0.0000
scene_00750_1396_0,12,-1.3612,-0.0563,3.6948,1.0572,0,,0.0000,0.0000
scene_00750_1396_0,19,0.7829,-0.3017,6.6073,2.1000,0,,0.0000,0.0000
scene_00750_1396_0,20,0.7957,1.0234,5.0029,0.7138,0,,0.0000,0.0000
scene_00750_1396_0,25,-2.6740,1.6069,7.5244,1.4000,0,,0.0000,0.0000
scene_00750_1396_0,27,-1.4384,0.6508,7.5631,0.7700,0,,0.0000,0.0000
scene_00750_1396_0,28,-0.7594,0.2400,7.6266,0.7700,0,,0.0000,0.0000
scene_00750_1396_0,35,0.8400,0.0147,5.2562,2.1995,0,,0.0000,0.0000
scene_00750_1396_0,37,-2.5762,1.8477,7.4099,2.6000,0,,0.0000,0.0000
scene_00750_1396_0,38,-0.4547,1.3521,6.5243,2.1975,0,,0.0000,0.0000
scene_00750_1396_0,39,0.8555,0.7364,7.0433,0.9485,0,,0.0000,0.0000
scene_00750_1396_0,41,0.5191,0.3550,7.4334,1.9494,0,,0.0000,0.0000
scene_00750_1396_0,47,-0.1510,0.1507,1.8105,0.3528,1,tmptcnjrvo4.ply,0.7711,39.7434
scene_00750_1396_0,48,0.2232,0.3067,1.8467,0.6445,1,tmpdjb0u5bi.ply,0.4313,3.2453
scene_00750_1396_0,49,-0.8206,0.8699,4.2401,0.3753,0,,0.0000,0.0000
scene_00750_1396_0,87,-1.1453,-0.3623,6.1455,0.9745,0,,0.0000,0.0000
scene_00750_1396_0,98,0.9634,0.3651,2.5718,0.0700,0,,0.0000,0.0000
scene_00750_1396_0,99,0.6435,0.8188,3.9801,0.0700,0,,0.0000,0.0000
scene_00750_1396_0,100,0.5948,0.6536,3.9836,0.0700,0,,0.0000,0.0000
scene_00750_1396_0,101,0.7185,0.7734,3.9871,0.0700,0,,0.0000,0.0000
scene_00750_1396_0,102,0.5859,-0.4941,4.2562,0.0700,0,,0.0000,0.0000
scene_00750_1396_0,103,1.0513,0.5720,2.9710,0.0700,0,,0.0000,0.0000
scene_00750_1396_0,104,0.9775,0.4221,2.9281,0.0700,0,,0.0000,0.0000
scene_00750_1396_0,105,1.0573,0.5684,2.8834,0.0700,0,,0.0000,0.0000
scene_00750_1396_0,106,0.0210,-0.5613,4.2203,0.0700,0,,0.0000,0.0000
scene_00750_1396_0,107,-0.0540,-0.5159,4.2133,0.0700,0,,0.0000,0.0000
scene_00750_1396_0,108,1.0065,0.5991,3.6255,0.0700,0,,0.0000,0.0000
scene_00750_1396_0,109,1.0125,0.5955,3.5378,0.0700,0,,0.0000,0.0000
scene_00750_1396_0,110,0.9233,0.4548,3.5816,0.0700,0,,0.0000,0.0000
scene_00750_1396_0,124,0.2925,0.0224,1.6571,2.7531,1,tmp425n6f97.ply,0.8013,90.7929
scene_00750_1396_0,133,0.9532,-0.8139,3.4752,1.5000,0,,0.0000,0.0000
scene_00750_1396_0,156,1.0311,0.7331,6.0698,0.9110,0,,0.0000,0.0000
scene_00750_1396_0,167,0.8580,-0.5050,6.4944,1.5500,0,,0.0000,0.0000
scene_00750_1396_0,194,0.7790,-0.8743,3.5044,1.4500,0,,0.0000,0.0000
scene_00750_1396_0,199,1.0860,0.0993,3.6075,0.7923,0,,0.0000,0.0000
scene_00750_1396_2,5,-1.9349,-0.1045,6.3796,1.2671,0,,0.0000,0.0000
scene_00750_1396_2,8,0.2382,0.3923,4.0860,1.9051,1,tmp6eu6dwak.ply,1.9337,86.4306
scene_00750_1396_2,14,-1.5797,0.6239,4.2018,1.2217,0,,0.0000,0.0000
scene_00750_1396_2,19,1.3397,-0.0733,6.6613,2.1000,0,,0.0000,0.0000
scene_00750_1396_2,20,0.8817,1.0748,4.9873,0.7138,0,,0.0000,0.0000
scene_00750_1396_2,25,-2.6897,-0.1637,7.0963,1.4000,0,,0.0000,0.0000
scene_00750_1396_2,27,-1.1567,-0.3673,7.3218,0.7700,0,,0.0000,0.0000
scene_00750_1396_2,28,-0.3767,-0.3801,7.4803,0.7700,0,,0.0000,0.0000
scene_00750_1396_2,35,1.3933,0.2261,5.3062,2.1995,0,,0.0000,0.0000
scene_00750_1396_2,37,-2.7124,0.0933,6.9777,2.6000,0,,0.0000,0.0000
scene_00750_1396_2,38,-0.5384,0.7320,6.3481,2.1975,0,,0.0000,0.0000
scene_00750_1396_2,39,0.8307,0.8609,7.0368,0.9485,0,,0.0000,0.0000
scene_00750_1396_2,40,-1.7923,0.8226,6.9137,1.1113,0,,0.0000,0.0000
scene_00750_1396_2,41,0.6857,0.3628,7.4132,1.9494,0,,0.0000,0.0000
scene_00750_1396_2,49,-0.3360,0.1266,4.0730,0.3753,0,,0.0000,0.0000
scene_00750_1396_2,54,-0.8968,0.8475,3.8818,1.0323,0,,0.0000,0.0000
scene_00750_1396_2,67,-0.2180,0.8336,3.6202,1.6374,0,,0.0000,0.0000
scene_00750_1396_2,87,-0.2283,-1.0977,6.0078,0.9745,0,,0.0000,0.0000
scene_00750_1396_2,99,0.9767,0.8193,3.9689,0.0700,0,,0.0000,0.0000
scene_00750_1396_2,100,1.0170,0.6521,3.9777,0.0700,1,tmpogdltelm.ply,1.2063,494.3207
scene_00750_1396_2,101,1.0628,0.8179,3.9864,0.0700,0,,0.0000,0.0000
scene_00750_1396_2,102,1.5502,-0.3433,4.3190,0.0700,0,,0.0000,0.0000
scene_00750_1396_2,106,1.1035,-0.6860,4.2293,0.0700,0,,0.0000,0.0000
scene_00750_1396_2,107,1.0174,-0.6846,4.2118,0.0700,0,,0.0000,0.0000
scene_00750_1396_2,141,-1.5323,-0.3313,4.0718,1.5765,0,,0.0000,0.0000
scene_00750_1396_2,156,1.1002,0.9446,6.0887,0.9110,0,,0.0000,0.0000
scene_00750_1396_2,167,1.5193,-0.2113,6.5696,1.5500,0,,0.0000,0.0000
scene_00750_1396_3,5,-1.4080,0.1491,7.1861,1.2671,0,,0.0000,0.0000
scene_00750_1396_3,8,0.3231,0.5829,4.5319,1.9051,0,,0.0000,0.0000
scene_00750_1396_3,12,-0.3342,-0.7290,4.0793,1.0572,0,,0.0000,0.0000
scene_00750_1396_3,14,-1.4310,0.8858,4.9825,1.2217,0,,0.0000,0.0000
scene_00750_1396_3,19,1.8608,0.0462,6.8579,2.1000,0,,0.0000,0.0000
scene_00750_1396_3,20,1.1496,1.2294,5.3009,0.7138,0,,0.0000,0.0000
scene_00750_1396_3,25,-2.0194,0.1125,8.0298,1.4000,0,,0.0000,0.0000
scene_00750_1396_3,27,-0.4808,-0.1546,7.9675,0.7700,0,,0.0000,0.0000
scene_00750_1396_3,28,0.3138,-0.2003,7.9791,0.7700,0,,0.0000,0.0000
scene_00750_1396_3,35,1.6757,0.3576,5.5171,2.1995,0,,0.0000,0.0000
scene_00750_1396_3,37,-2.0530,0.3716,7.9183,2.6000,0,,0.0000,0.0000
scene_00750_1396_3,38,-0.0079,0.9293,6.8997,2.1975,0,,0.0000,0.0000
scene_00750_1396_3,39,1.4688,0.9960,7.3239,0.9485,0,,0.0000,0.0000
scene_00750_1396_3,40,-1.1311,1.0641,7.6875,1.1113,0,,0.0000,0.0000
scene_00750_1396_3,41,1.3754,0.5001,7.7190,1.9494,0,,0.0000,0.0000
scene_00750_1396_3,46,-1.3915,0.7474,4.2282,0.3210,0,,0.0000,0.0000
scene_00750_1396_3,47,0.5142,0.0272,2.1385,0.3528,1,tmp9nwf50a3.ply,1.1724,58.0043
scene_00750_1396_3,48,0.7738,0.3400,2.1590,0.6445,1,tmpilneiz1y.ply,1.3672,75.2003
scene_00750_1396_3,49,-0.2541,0.3405,4.6245,0.3753,0,,0.0000,0.0000
scene_00750_1396_3,53,-1.9606,0.7970,6.2218,1.7399,0,,0.0000,0.0000
scene_00750_1396_3,54,-0.8103,1.0852,4.5424,1.0323,0,,0.0000,0.0000
scene_00750_1396_3,62,-2.9658,0.9060,7.8386,0.2339,0,,0.0000,0.0000
scene_00750_1396_3,64,-2.4284,1.3773,6.5748,0.3447,0,,0.0000,0.0000
scene_00750_1396_3,67,-0.1926,1.0470,4.1599,1.6374,1,tmpfrqsueye.ply,1.9842,68.3768
scene_00750_1396_3,87,0.1582,-0.9076,6.5024,0.9745,0,,0.0000,0.0000
scene_00750_1396_3,89,-2.4434,1.1167,6.5438,0.1951,0,,0.0000,0.0000
scene_00750_1396_3,94,-2.0106,-1.0208,5.6790,0.1381,0,,0.0000,0.0000
scene_00750_1396_3,99,1.0443,0.9811,4.2817,0.0700,0,,0.0000,0.0000
scene_00750_1396_3,100,1.0786,0.8124,4.2824,0.0700,0,,0.0000,0.0000
scene_00750_1396_3,101,1.1321,0.9761,4.2830,0.0700,0,,0.0000,0.0000
scene_00750_1396_3,102,1.6240,-0.2071,4.5162,0.0700,0,,0.0000,0.0000
scene_00750_1396_3,106,1.1547,-0.5307,4.5096,0.0700,0,,0.0000,0.0000
scene_00750_1396_3,107,1.0670,-0.5256,4.5084,0.0700,0,,0.0000,0.0000
scene_00750_1396_3,108,1.4440,0.9581,3.9003,0.0700,0,,0.0000,0.0000
scene_00750_1396_3,109,1.4453,0.9581,3.8124,0.0700,0,,0.0000,0.0000
scene_00750_1396_3,110,1.4351,0.7919,3.8563,0.0700,0,,0.0000,0.0000
scene_00750_1396_3,141,-1.4479,-0.0691,4.8430,1.5765,0,,0.0000,0.0000
scene_00750_1396_3,146,-1.9917,0.2234,6.7333,1.3887,0,,0.0000,0.0000
scene_00750_1396_3,156,1.5620,1.0789,6.3426,0.9110,0,,0.0000,0.0000
scene_00750_1396_3,167,2.0146,-0.0979,6.7342,1.5500,0,,0.0000,0.0000
scene_00750_1396_3,173,-2.6646,0.7375,7.8762,0.4597,0,,0.0000,0.0000
scene_00750_1396_3,200,-2.4189,1.5537,6.7798,0.2817,0,,0.0000,0.0000
scene_00750_1785_2,25,0.1252,-0.0099,1.2006,1.4000,1,tmp0mjv1xab.ply,0.1879,83.6705
scene_00750_1785_2,37,0.0459,-0.2599,1.0918,2.6000,1,tmp5h_73k9o.ply,0.2166,93.3727
scene_00750_508_1,6,-0.7228,-0.5901,3.3082,1.7914,0,,0.0000,0.0000
scene_00750_508_1,23,-0.6754,-0.7171,3.4255,0.4049,0,,0.0000,0.0000
scene_00750_508_1,26,0.5204,-0.1770,3.9468,1.5400,0,,0.0000,0.0000
scene_00750_508_1,36,0.4988,-0.6577,3.8432,2.6000,0,,0.0000,0.0000
scene_00750_508_1,62,-1.1026,-0.7279,3.5525,0.2339,0,,0.0000,0.0000
scene_00750_508_1,145,0.9060,-0.6791,4.0184,1.3887,1,tmpwtuftdy6.ply,0.8651,85.5384
scene_00750_508_1,161,0.0019,-0.5887,2.6859,0.6392,0,,0.0000,0.0000
scene_00750_508_1,173,-1.3527,-0.5049,3.6431,0.4597,0,,0.0000,0.0000
scene_00750_508_1,191,-0.8647,-0.7114,3.6047,0.3124,0,,0.0000,0.0000
scene_00750_508_1,202,0.4361,-0.5627,3.0018,0.6640,0,,0.0000,0.0000
